<?xml version='1.0' encoding='UTF-8'?>
<gpx xmlns="http://www.topografix.com/GPX/1/1" version="1.1" creator="exobrain trip plan">
<metadata><name>Cedar Creek 2 nights base camp (30 mi plus Backbone side trip)</name><desc>Trail geometry from OpenStreetMap contributors (ODbL).</desc></metadata>
<wpt lat="38.758772" lon="-92.142490"><name>Pine Ridge Recreation Area</name></wpt>
<wpt lat="38.776454" lon="-92.141019"><name>Nevins Homestead (approx., from the USFS map)</name></wpt>
<wpt lat="38.784866" lon="-92.126903"><name>Dry Fork Recreation Area</name></wpt>
<wpt lat="38.8182489" lon="-92.1386117"><name>Overlook above Cedar Creek</name></wpt>
<wpt lat="38.818076" lon="-92.144144"><name>Rutherford Bridge</name></wpt>
<wpt lat="38.824090" lon="-92.137792"><name>Smith Creek Trailhead</name></wpt>
<wpt lat="38.814197" lon="-92.111711"><name>Boydsville</name></wpt>
<wpt lat="38.8044752" lon="-92.1516701"><name>Devil's Backbone ridge</name></wpt>
<wpt lat="38.849299" lon="-92.178496"><name>Moon Loop Trailhead (Ginn Rd)</name></wpt>
<trk><name>Day 1: Pine Ridge to Rutherford Bridge (8.0 mi)</name><trkseg><trkpt lat="38.758772" lon="-92.142490" /><trkpt lat="38.758825" lon="-92.142379" /><trkpt lat="38.758989" lon="-92.142221" /><trkpt lat="38.759142" lon="-92.142119" /><trkpt lat="38.759295" lon="-92.142094" /><trkpt lat="38.759429" lon="-92.142025" /><trkpt lat="38.759552" lon="-92.142027" /><trkpt lat="38.759607" lon="-92.142086" /><trkpt lat="38.759613" lon="-92.142175" /><trkpt lat="38.759582" lon="-92.142266" /><trkpt lat="38.759529" lon="-92.142277" /><trkpt lat="38.759435" lon="-92.142274" /><trkpt lat="38.759358" lon="-92.142318" /><trkpt lat="38.759324" lon="-92.142379" /><trkpt lat="38.759316" lon="-92.142457" /><trkpt lat="38.759358" lon="-92.142543" /><trkpt lat="38.759456" lon="-92.142541" /><trkpt lat="38.759611" lon="-92.142576" /><trkpt lat="38.759754" lon="-92.142664" /><trkpt lat="38.759892" lon="-92.142672" /><trkpt lat="38.759976" lon="-92.142611" /><trkpt lat="38.760016" lon="-92.142484" /><trkpt lat="38.760087" lon="-92.142417" /><trkpt lat="38.760185" lon="-92.142433" /><trkpt lat="38.760269" lon="-92.142492" /><trkpt lat="38.760406" lon="-92.142686" /><trkpt lat="38.760540" lon="-92.143000" /><trkpt lat="38.760584" lon="-92.143283" /><trkpt lat="38.760666" lon="-92.143549" /><trkpt lat="38.760770" lon="-92.143630" /><trkpt lat="38.760892" lon="-92.143678" /><trkpt lat="38.760955" lon="-92.143667" /><trkpt lat="38.761043" lon="-92.143613" /><trkpt lat="38.761062" lon="-92.143533" /><trkpt lat="38.761079" lon="-92.143296" /><trkpt lat="38.761037" lon="-92.143086" /><trkpt lat="38.761026" lon="-92.142990" /><trkpt lat="38.761055" lon="-92.142895" /><trkpt lat="38.761128" lon="-92.142865" /><trkpt lat="38.761225" lon="-92.142946" /><trkpt lat="38.761298" lon="-92.142912" /><trkpt lat="38.761375" lon="-92.142908" /><trkpt lat="38.761395" lon="-92.142972" /><trkpt lat="38.761448" lon="-92.143019" /><trkpt lat="38.761564" lon="-92.143036" /><trkpt lat="38.761594" lon="-92.142925" /><trkpt lat="38.761687" lon="-92.142827" /><trkpt lat="38.761784" lon="-92.142814" /><trkpt lat="38.761827" lon="-92.142887" /><trkpt lat="38.761774" lon="-92.143032" /><trkpt lat="38.761804" lon="-92.143215" /><trkpt lat="38.761747" lon="-92.143318" /><trkpt lat="38.761711" lon="-92.143471" /><trkpt lat="38.761727" lon="-92.143608" /><trkpt lat="38.761817" lon="-92.143685" /><trkpt lat="38.761854" lon="-92.143804" /><trkpt lat="38.761944" lon="-92.143873" /><trkpt lat="38.762023" lon="-92.143860" /><trkpt lat="38.762073" lon="-92.143949" /><trkpt lat="38.762050" lon="-92.144090" /><trkpt lat="38.761964" lon="-92.144150" /><trkpt lat="38.761934" lon="-92.144222" /><trkpt lat="38.761954" lon="-92.144372" /><trkpt lat="38.762033" lon="-92.144419" /><trkpt lat="38.762123" lon="-92.144414" /><trkpt lat="38.762240" lon="-92.144436" /><trkpt lat="38.762333" lon="-92.144526" /><trkpt lat="38.762400" lon="-92.144538" /><trkpt lat="38.762459" lon="-92.144513" /><trkpt lat="38.762479" lon="-92.144444" /><trkpt lat="38.762453" lon="-92.144291" /><trkpt lat="38.762449" lon="-92.144137" /><trkpt lat="38.762539" lon="-92.143890" /><trkpt lat="38.762599" lon="-92.143706" /><trkpt lat="38.762589" lon="-92.143561" /><trkpt lat="38.762549" lon="-92.143420" /><trkpt lat="38.762626" lon="-92.143305" /><trkpt lat="38.762646" lon="-92.143100" /><trkpt lat="38.762726" lon="-92.142951" /><trkpt lat="38.762785" lon="-92.142908" /><trkpt lat="38.762875" lon="-92.142929" /><trkpt lat="38.763022" lon="-92.143087" /><trkpt lat="38.763118" lon="-92.143117" /><trkpt lat="38.763248" lon="-92.143109" /><trkpt lat="38.763334" lon="-92.143151" /><trkpt lat="38.763418" lon="-92.143288" /><trkpt lat="38.763511" lon="-92.143437" /><trkpt lat="38.763624" lon="-92.143484" /><trkpt lat="38.763717" lon="-92.143437" /><trkpt lat="38.763834" lon="-92.143203" /><trkpt lat="38.763894" lon="-92.143147" /><trkpt lat="38.763993" lon="-92.143160" /><trkpt lat="38.764070" lon="-92.143249" /><trkpt lat="38.764150" lon="-92.143267" /><trkpt lat="38.764299" lon="-92.143194" /><trkpt lat="38.764463" lon="-92.143237" /><trkpt lat="38.764539" lon="-92.143318" /><trkpt lat="38.764519" lon="-92.143480" /><trkpt lat="38.764496" lon="-92.143595" /><trkpt lat="38.764629" lon="-92.143710" /><trkpt lat="38.764676" lon="-92.143868" /><trkpt lat="38.764679" lon="-92.143954" /><trkpt lat="38.764872" lon="-92.143966" /><trkpt lat="38.764968" lon="-92.144056" /><trkpt lat="38.765015" lon="-92.144154" /><trkpt lat="38.765088" lon="-92.144184" /><trkpt lat="38.765128" lon="-92.144159" /><trkpt lat="38.765201" lon="-92.143971" /><trkpt lat="38.765328" lon="-92.143928" /><trkpt lat="38.765441" lon="-92.143984" /><trkpt lat="38.765517" lon="-92.144060" /><trkpt lat="38.765634" lon="-92.144082" /><trkpt lat="38.765794" lon="-92.144043" /><trkpt lat="38.766114" lon="-92.144131" /><trkpt lat="38.766325" lon="-92.143955" /><trkpt lat="38.766491" lon="-92.143892" /><trkpt lat="38.766596" lon="-92.143862" /><trkpt lat="38.766705" lon="-92.143913" /><trkpt lat="38.766800" lon="-92.144025" /><trkpt lat="38.766953" lon="-92.144200" /><trkpt lat="38.767039" lon="-92.144275" /><trkpt lat="38.767111" lon="-92.144291" /><trkpt lat="38.767173" lon="-92.144238" /><trkpt lat="38.767373" lon="-92.143955" /><trkpt lat="38.767497" lon="-92.143735" /><trkpt lat="38.767720" lon="-92.143656" /><trkpt lat="38.767878" lon="-92.143715" /><trkpt lat="38.767983" lon="-92.143907" /><trkpt lat="38.768122" lon="-92.144202" /><trkpt lat="38.768545" lon="-92.144565" /><trkpt lat="38.768775" lon="-92.145165" /><trkpt lat="38.768934" lon="-92.145444" /><trkpt lat="38.769052" lon="-92.145535" /><trkpt lat="38.769199" lon="-92.145527" /><trkpt lat="38.769320" lon="-92.145382" /><trkpt lat="38.769520" lon="-92.144994" /><trkpt lat="38.769617" lon="-92.144837" /><trkpt lat="38.769701" lon="-92.144800" /><trkpt lat="38.769777" lon="-92.144864" /><trkpt lat="38.769777" lon="-92.145048" /><trkpt lat="38.769846" lon="-92.145239" /><trkpt lat="38.770022" lon="-92.145361" /><trkpt lat="38.770122" lon="-92.145321" /><trkpt lat="38.770189" lon="-92.145171" /><trkpt lat="38.770247" lon="-92.144944" /><trkpt lat="38.770391" lon="-92.144820" /><trkpt lat="38.770450" lon="-92.144662" /><trkpt lat="38.770343" lon="-92.144432" /><trkpt lat="38.770358" lon="-92.144152" /><trkpt lat="38.770453" lon="-92.143969" /><trkpt lat="38.770563" lon="-92.143877" /><trkpt lat="38.770784" lon="-92.143895" /><trkpt lat="38.771051" lon="-92.143959" /><trkpt lat="38.771413" lon="-92.143953" /><trkpt lat="38.771759" lon="-92.143948" /><trkpt lat="38.771970" lon="-92.143920" /><trkpt lat="38.772137" lon="-92.144168" /><trkpt lat="38.772292" lon="-92.144551" /><trkpt lat="38.772332" lon="-92.144843" /><trkpt lat="38.772267" lon="-92.145271" /><trkpt lat="38.772303" lon="-92.145440" /><trkpt lat="38.772396" lon="-92.145591" /><trkpt lat="38.772585" lon="-92.145582" /><trkpt lat="38.773020" lon="-92.145407" /><trkpt lat="38.773325" lon="-92.145146" /><trkpt lat="38.773759" lon="-92.144644" /><trkpt lat="38.774029" lon="-92.144182" /><trkpt lat="38.774160" lon="-92.143963" /><trkpt lat="38.774228" lon="-92.143905" /><trkpt lat="38.774243" lon="-92.143972" /><trkpt lat="38.774205" lon="-92.144181" /><trkpt lat="38.774257" lon="-92.144311" /><trkpt lat="38.774251" lon="-92.144369" /><trkpt lat="38.774184" lon="-92.144539" /><trkpt lat="38.773994" lon="-92.144916" /><trkpt lat="38.773990" lon="-92.145020" /><trkpt lat="38.774043" lon="-92.145070" /><trkpt lat="38.774188" lon="-92.145040" /><trkpt lat="38.774281" lon="-92.145027" /><trkpt lat="38.774407" lon="-92.144924" /><trkpt lat="38.774537" lon="-92.144666" /><trkpt lat="38.774671" lon="-92.144412" /><trkpt lat="38.774701" lon="-92.144308" /><trkpt lat="38.774781" lon="-92.144101" /><trkpt lat="38.774949" lon="-92.143778" /><trkpt lat="38.775376" lon="-92.143012" /><trkpt lat="38.775468" lon="-92.142698" /><trkpt lat="38.775581" lon="-92.142444" /><trkpt lat="38.775799" lon="-92.142495" /><trkpt lat="38.775885" lon="-92.142441" /><trkpt lat="38.776005" lon="-92.142202" /><trkpt lat="38.776044" lon="-92.141897" /><trkpt lat="38.776206" lon="-92.141711" /><trkpt lat="38.776398" lon="-92.141360" /><trkpt lat="38.776454" lon="-92.141019" /><trkpt lat="38.776733" lon="-92.140646" /><trkpt lat="38.776988" lon="-92.140270" /><trkpt lat="38.777186" lon="-92.140129" /><trkpt lat="38.777368" lon="-92.140073" /><trkpt lat="38.777722" lon="-92.139996" /><trkpt lat="38.778107" lon="-92.140073" /><trkpt lat="38.778345" lon="-92.140118" /><trkpt lat="38.778483" lon="-92.140039" /><trkpt lat="38.778601" lon="-92.139801" /><trkpt lat="38.778822" lon="-92.139515" /><trkpt lat="38.779106" lon="-92.139272" /><trkpt lat="38.779260" lon="-92.139247" /><trkpt lat="38.779697" lon="-92.138859" /><trkpt lat="38.779901" lon="-92.138767" /><trkpt lat="38.780043" lon="-92.138745" /><trkpt lat="38.780337" lon="-92.138616" /><trkpt lat="38.780452" lon="-92.138487" /><trkpt lat="38.780613" lon="-92.138385" /><trkpt lat="38.780827" lon="-92.138317" /><trkpt lat="38.780917" lon="-92.138248" /><trkpt lat="38.780986" lon="-92.138180" /><trkpt lat="38.781085" lon="-92.137960" /><trkpt lat="38.781215" lon="-92.137707" /><trkpt lat="38.781472" lon="-92.137377" /><trkpt lat="38.781542" lon="-92.137129" /><trkpt lat="38.781602" lon="-92.137046" /><trkpt lat="38.781667" lon="-92.136998" /><trkpt lat="38.781812" lon="-92.136963" /><trkpt lat="38.782059" lon="-92.136973" /><trkpt lat="38.782202" lon="-92.136869" /><trkpt lat="38.782466" lon="-92.136718" /><trkpt lat="38.782707" lon="-92.136686" /><trkpt lat="38.782887" lon="-92.136618" /><trkpt lat="38.783313" lon="-92.136285" /><trkpt lat="38.783465" lon="-92.136086" /><trkpt lat="38.783562" lon="-92.135812" /><trkpt lat="38.783556" lon="-92.135640" /><trkpt lat="38.783591" lon="-92.135406" /><trkpt lat="38.783608" lon="-92.135108" /><trkpt lat="38.783597" lon="-92.134820" /><trkpt lat="38.783579" lon="-92.134656" /><trkpt lat="38.783602" lon="-92.134465" /><trkpt lat="38.783549" lon="-92.134247" /><trkpt lat="38.783581" lon="-92.134113" /><trkpt lat="38.783662" lon="-92.133933" /><trkpt lat="38.783669" lon="-92.133747" /><trkpt lat="38.783648" lon="-92.133562" /><trkpt lat="38.783627" lon="-92.133317" /><trkpt lat="38.783648" lon="-92.133115" /><trkpt lat="38.783723" lon="-92.132916" /><trkpt lat="38.783761" lon="-92.132726" /><trkpt lat="38.783744" lon="-92.132537" /><trkpt lat="38.783627" lon="-92.132352" /><trkpt lat="38.783637" lon="-92.132075" /><trkpt lat="38.783717" lon="-92.131903" /><trkpt lat="38.783761" lon="-92.131586" /><trkpt lat="38.783937" lon="-92.131355" /><trkpt lat="38.784268" lon="-92.130776" /><trkpt lat="38.784307" lon="-92.130461" /><trkpt lat="38.784318" lon="-92.130239" /><trkpt lat="38.784289" lon="-92.130007" /><trkpt lat="38.784209" lon="-92.129808" /><trkpt lat="38.784123" lon="-92.129567" /><trkpt lat="38.784076" lon="-92.129313" /><trkpt lat="38.783950" lon="-92.129128" /><trkpt lat="38.783811" lon="-92.128810" /><trkpt lat="38.783735" lon="-92.128537" /><trkpt lat="38.783731" lon="-92.128434" /><trkpt lat="38.783774" lon="-92.128205" /><trkpt lat="38.783757" lon="-92.128016" /><trkpt lat="38.783760" lon="-92.127845" /><trkpt lat="38.783801" lon="-92.127691" /><trkpt lat="38.783901" lon="-92.127575" /><trkpt lat="38.783941" lon="-92.127435" /><trkpt lat="38.783990" lon="-92.127333" /><trkpt lat="38.784167" lon="-92.127210" /><trkpt lat="38.784325" lon="-92.127137" /><trkpt lat="38.784470" lon="-92.127125" /><trkpt lat="38.784637" lon="-92.127045" /><trkpt lat="38.784866" lon="-92.126903" /><trkpt lat="38.785017" lon="-92.126873" /><trkpt lat="38.785141" lon="-92.126742" /><trkpt lat="38.785280" lon="-92.126619" /><trkpt lat="38.785455" lon="-92.126544" /><trkpt lat="38.785658" lon="-92.126481" /><trkpt lat="38.785879" lon="-92.126375" /><trkpt lat="38.786004" lon="-92.126238" /><trkpt lat="38.786110" lon="-92.126056" /><trkpt lat="38.786220" lon="-92.125911" /><trkpt lat="38.786462" lon="-92.125699" /><trkpt lat="38.786535" lon="-92.125560" /><trkpt lat="38.786565" lon="-92.125340" /><trkpt lat="38.786575" lon="-92.125204" /><trkpt lat="38.786547" lon="-92.125044" /><trkpt lat="38.786539" lon="-92.124818" /><trkpt lat="38.786502" lon="-92.124607" /><trkpt lat="38.786505" lon="-92.124398" /><trkpt lat="38.786479" lon="-92.124278" /><trkpt lat="38.786398" lon="-92.124119" /><trkpt lat="38.786338" lon="-92.124009" /><trkpt lat="38.786334" lon="-92.123850" /><trkpt lat="38.786495" lon="-92.123730" /><trkpt lat="38.786857" lon="-92.123477" /><trkpt lat="38.787080" lon="-92.123360" /><trkpt lat="38.787241" lon="-92.123275" /><trkpt lat="38.787982" lon="-92.122884" /><trkpt lat="38.788782" lon="-92.122424" /><trkpt lat="38.789194" lon="-92.122178" /><trkpt lat="38.789258" lon="-92.122147" /><trkpt lat="38.789787" lon="-92.121892" /><trkpt lat="38.790151" lon="-92.121709" /><trkpt lat="38.790432" lon="-92.121577" /><trkpt lat="38.790666" lon="-92.121508" /><trkpt lat="38.790912" lon="-92.121450" /><trkpt lat="38.791169" lon="-92.121426" /><trkpt lat="38.792543" lon="-92.121364" /><trkpt lat="38.792915" lon="-92.121333" /><trkpt lat="38.793330" lon="-92.121290" /><trkpt lat="38.795493" lon="-92.121145" /><trkpt lat="38.796616" lon="-92.121075" /><trkpt lat="38.798930" lon="-92.120985" /><trkpt lat="38.799042" lon="-92.121028" /><trkpt lat="38.799102" lon="-92.121099" /><trkpt lat="38.799114" lon="-92.121236" /><trkpt lat="38.799019" lon="-92.121530" /><trkpt lat="38.798910" lon="-92.121799" /><trkpt lat="38.798844" lon="-92.122232" /><trkpt lat="38.798973" lon="-92.122919" /><trkpt lat="38.798999" lon="-92.123231" /><trkpt lat="38.799186" lon="-92.123344" /><trkpt lat="38.799349" lon="-92.123312" /><trkpt lat="38.799422" lon="-92.123222" /><trkpt lat="38.799528" lon="-92.123063" /><trkpt lat="38.799784" lon="-92.123084" /><trkpt lat="38.800007" lon="-92.123185" /><trkpt lat="38.800263" lon="-92.123196" /><trkpt lat="38.800366" lon="-92.123278" /><trkpt lat="38.800633" lon="-92.123346" /><trkpt lat="38.800950" lon="-92.123354" /><trkpt lat="38.801266" lon="-92.123508" /><trkpt lat="38.801435" lon="-92.123567" /><trkpt lat="38.801570" lon="-92.123533" /><trkpt lat="38.801653" lon="-92.123451" /><trkpt lat="38.801634" lon="-92.123226" /><trkpt lat="38.801687" lon="-92.122822" /><trkpt lat="38.801862" lon="-92.122508" /><trkpt lat="38.801974" lon="-92.122455" /><trkpt lat="38.802122" lon="-92.122370" /><trkpt lat="38.802413" lon="-92.122646" /><trkpt lat="38.802660" lon="-92.122736" /><trkpt lat="38.802971" lon="-92.123150" /><trkpt lat="38.803060" lon="-92.123516" /><trkpt lat="38.803136" lon="-92.123744" /><trkpt lat="38.803071" lon="-92.124005" /><trkpt lat="38.802887" lon="-92.124368" /><trkpt lat="38.802926" lon="-92.124533" /><trkpt lat="38.803072" lon="-92.124573" /><trkpt lat="38.803047" lon="-92.124855" /><trkpt lat="38.803129" lon="-92.124931" /><trkpt lat="38.803245" lon="-92.124946" /><trkpt lat="38.803440" lon="-92.124815" /><trkpt lat="38.803691" lon="-92.124408" /><trkpt lat="38.803783" lon="-92.124099" /><trkpt lat="38.803923" lon="-92.124015" /><trkpt lat="38.804118" lon="-92.124053" /><trkpt lat="38.804225" lon="-92.124199" /><trkpt lat="38.804447" lon="-92.124207" /><trkpt lat="38.804656" lon="-92.124069" /><trkpt lat="38.805068" lon="-92.124273" /><trkpt lat="38.805429" lon="-92.124500" /><trkpt lat="38.805581" lon="-92.124492" /><trkpt lat="38.805708" lon="-92.124622" /><trkpt lat="38.805962" lon="-92.124712" /><trkpt lat="38.806144" lon="-92.124886" /><trkpt lat="38.806361" lon="-92.124843" /><trkpt lat="38.806702" lon="-92.124788" /><trkpt lat="38.806925" lon="-92.124842" /><trkpt lat="38.807039" lon="-92.124760" /><trkpt lat="38.807894" lon="-92.124777" /><trkpt lat="38.808026" lon="-92.124751" /><trkpt lat="38.808566" lon="-92.124781" /><trkpt lat="38.808662" lon="-92.124984" /><trkpt lat="38.808676" lon="-92.125242" /><trkpt lat="38.808630" lon="-92.125670" /><trkpt lat="38.808691" lon="-92.125800" /><trkpt lat="38.809066" lon="-92.126102" /><trkpt lat="38.809192" lon="-92.126175" /><trkpt lat="38.809243" lon="-92.127883" /><trkpt lat="38.809291" lon="-92.129998" /><trkpt lat="38.809374" lon="-92.130394" /><trkpt lat="38.809317" lon="-92.130686" /><trkpt lat="38.809318" lon="-92.131382" /><trkpt lat="38.809428" lon="-92.134483" /><trkpt lat="38.809353" lon="-92.135121" /><trkpt lat="38.809432" lon="-92.135546" /><trkpt lat="38.809490" lon="-92.138837" /><trkpt lat="38.809476" lon="-92.139382" /><trkpt lat="38.809680" lon="-92.139422" /><trkpt lat="38.809816" lon="-92.139611" /><trkpt lat="38.810008" lon="-92.139675" /><trkpt lat="38.810145" lon="-92.139778" /><trkpt lat="38.810303" lon="-92.139743" /><trkpt lat="38.810438" lon="-92.139697" /><trkpt lat="38.810614" lon="-92.139617" /><trkpt lat="38.810735" lon="-92.139545" /><trkpt lat="38.810939" lon="-92.139356" /><trkpt lat="38.811055" lon="-92.139160" /><trkpt lat="38.811112" lon="-92.138927" /><trkpt lat="38.811123" lon="-92.138712" /><trkpt lat="38.811140" lon="-92.138516" /><trkpt lat="38.811151" lon="-92.138388" /><trkpt lat="38.811126" lon="-92.138254" /><trkpt lat="38.811126" lon="-92.138104" /><trkpt lat="38.811010" lon="-92.137610" /><trkpt lat="38.811029" lon="-92.137446" /><trkpt lat="38.810976" lon="-92.137224" /><trkpt lat="38.810881" lon="-92.137208" /><trkpt lat="38.810940" lon="-92.137021" /><trkpt lat="38.810961" lon="-92.136773" /><trkpt lat="38.811051" lon="-92.136708" /><trkpt lat="38.811067" lon="-92.136395" /><trkpt lat="38.811124" lon="-92.136214" /><trkpt lat="38.811116" lon="-92.135977" /><trkpt lat="38.811253" lon="-92.135436" /><trkpt lat="38.811228" lon="-92.135247" /><trkpt lat="38.811278" lon="-92.134948" /><trkpt lat="38.811287" lon="-92.134739" /><trkpt lat="38.811350" lon="-92.134579" /><trkpt lat="38.811429" lon="-92.134499" /><trkpt lat="38.811565" lon="-92.134415" /><trkpt lat="38.811696" lon="-92.134218" /><trkpt lat="38.811724" lon="-92.134135" /><trkpt lat="38.811713" lon="-92.134073" /><trkpt lat="38.811718" lon="-92.133953" /><trkpt lat="38.811676" lon="-92.133822" /><trkpt lat="38.811735" lon="-92.133785" /><trkpt lat="38.811798" lon="-92.133771" /><trkpt lat="38.811957" lon="-92.133716" /><trkpt lat="38.812095" lon="-92.133694" /><trkpt lat="38.812291" lon="-92.133698" /><trkpt lat="38.812407" lon="-92.133694" /><trkpt lat="38.812521" lon="-92.133687" /><trkpt lat="38.812620" lon="-92.133527" /><trkpt lat="38.812605" lon="-92.133354" /><trkpt lat="38.812600" lon="-92.133127" /><trkpt lat="38.812622" lon="-92.133006" /><trkpt lat="38.812731" lon="-92.132996" /><trkpt lat="38.812796" lon="-92.132977" /><trkpt lat="38.812892" lon="-92.132959" /><trkpt lat="38.812945" lon="-92.132883" /><trkpt lat="38.812998" lon="-92.132839" /><trkpt lat="38.813071" lon="-92.132817" /><trkpt lat="38.813128" lon="-92.132800" /><trkpt lat="38.813239" lon="-92.132730" /><trkpt lat="38.813332" lon="-92.132694" /><trkpt lat="38.813407" lon="-92.132599" /><trkpt lat="38.813545" lon="-92.132582" /><trkpt lat="38.813671" lon="-92.132609" /><trkpt lat="38.813819" lon="-92.132661" /><trkpt lat="38.813927" lon="-92.132592" /><trkpt lat="38.814006" lon="-92.132519" /><trkpt lat="38.814114" lon="-92.132493" /><trkpt lat="38.814242" lon="-92.132359" /><trkpt lat="38.814275" lon="-92.132238" /><trkpt lat="38.814320" lon="-92.132036" /><trkpt lat="38.814438" lon="-92.131983" /><trkpt lat="38.814593" lon="-92.131966" /><trkpt lat="38.814690" lon="-92.131966" /><trkpt lat="38.814797" lon="-92.131933" /><trkpt lat="38.814897" lon="-92.131944" /><trkpt lat="38.815033" lon="-92.131955" /><trkpt lat="38.815194" lon="-92.131933" /><trkpt lat="38.815373" lon="-92.131911" /><trkpt lat="38.815515" lon="-92.131868" /><trkpt lat="38.815682" lon="-92.131889" /><trkpt lat="38.815836" lon="-92.131855" /><trkpt lat="38.815934" lon="-92.131860" /><trkpt lat="38.816025" lon="-92.131889" /><trkpt lat="38.816054" lon="-92.131871" /><trkpt lat="38.816093" lon="-92.131929" /><trkpt lat="38.816184" lon="-92.131900" /><trkpt lat="38.816249" lon="-92.131930" /><trkpt lat="38.816359" lon="-92.132002" /><trkpt lat="38.816450" lon="-92.132079" /><trkpt lat="38.816507" lon="-92.132104" /><trkpt lat="38.816623" lon="-92.132181" /><trkpt lat="38.816717" lon="-92.132272" /><trkpt lat="38.816779" lon="-92.132341" /><trkpt lat="38.816833" lon="-92.132370" /><trkpt lat="38.816901" lon="-92.132424" /><trkpt lat="38.816989" lon="-92.132560" /><trkpt lat="38.817137" lon="-92.132597" /><trkpt lat="38.817211" lon="-92.132526" /><trkpt lat="38.817310" lon="-92.132469" /><trkpt lat="38.817401" lon="-92.132464" /><trkpt lat="38.817518" lon="-92.132523" /><trkpt lat="38.817594" lon="-92.132608" /><trkpt lat="38.817663" lon="-92.132697" /><trkpt lat="38.817821" lon="-92.132753" /><trkpt lat="38.817905" lon="-92.132785" /><trkpt lat="38.817957" lon="-92.132882" /><trkpt lat="38.817954" lon="-92.132966" /><trkpt lat="38.817999" lon="-92.133064" /><trkpt lat="38.818051" lon="-92.133083" /><trkpt lat="38.818252" lon="-92.133156" /><trkpt lat="38.818350" lon="-92.133257" /><trkpt lat="38.818413" lon="-92.133287" /><trkpt lat="38.818430" lon="-92.133338" /><trkpt lat="38.818409" lon="-92.133410" /><trkpt lat="38.818369" lon="-92.133459" /><trkpt lat="38.818325" lon="-92.133558" /><trkpt lat="38.818264" lon="-92.133646" /><trkpt lat="38.818196" lon="-92.133708" /><trkpt lat="38.818168" lon="-92.133751" /><trkpt lat="38.818168" lon="-92.133837" /><trkpt lat="38.818179" lon="-92.133960" /><trkpt lat="38.818170" lon="-92.134073" /><trkpt lat="38.818187" lon="-92.134180" /><trkpt lat="38.818219" lon="-92.134312" /><trkpt lat="38.818204" lon="-92.134456" /><trkpt lat="38.818206" lon="-92.134593" /><trkpt lat="38.818189" lon="-92.134821" /><trkpt lat="38.818225" lon="-92.134939" /><trkpt lat="38.818223" lon="-92.135060" /><trkpt lat="38.818173" lon="-92.135264" /><trkpt lat="38.818115" lon="-92.135367" /><trkpt lat="38.818060" lon="-92.135406" /><trkpt lat="38.817972" lon="-92.135411" /><trkpt lat="38.817855" lon="-92.135358" /><trkpt lat="38.817742" lon="-92.135344" /><trkpt lat="38.817573" lon="-92.135385" /><trkpt lat="38.817485" lon="-92.135422" /><trkpt lat="38.817362" lon="-92.135604" /><trkpt lat="38.817347" lon="-92.135714" /><trkpt lat="38.817324" lon="-92.135846" /><trkpt lat="38.817349" lon="-92.135975" /><trkpt lat="38.817416" lon="-92.136071" /><trkpt lat="38.817516" lon="-92.136138" /><trkpt lat="38.817581" lon="-92.136337" /><trkpt lat="38.817589" lon="-92.136444" /><trkpt lat="38.817637" lon="-92.136538" /><trkpt lat="38.817719" lon="-92.136616" /><trkpt lat="38.817719" lon="-92.136739" /><trkpt lat="38.817750" lon="-92.136972" /><trkpt lat="38.817870" lon="-92.137174" /><trkpt lat="38.817930" lon="-92.137385" /><trkpt lat="38.818089" lon="-92.137672" /><trkpt lat="38.818129" lon="-92.137817" /><trkpt lat="38.818162" lon="-92.137973" /><trkpt lat="38.818202" lon="-92.138061" /><trkpt lat="38.818241" lon="-92.138135" /><trkpt lat="38.818235" lon="-92.138241" /><trkpt lat="38.818250" lon="-92.138333" /><trkpt lat="38.818339" lon="-92.138390" /><trkpt lat="38.818401" lon="-92.138492" /><trkpt lat="38.818528" lon="-92.138521" /><trkpt lat="38.818637" lon="-92.138575" /><trkpt lat="38.818887" lon="-92.138719" /><trkpt lat="38.819114" lon="-92.138834" /><trkpt lat="38.819287" lon="-92.138974" /><trkpt lat="38.819412" lon="-92.139102" /><trkpt lat="38.819441" lon="-92.139288" /><trkpt lat="38.819452" lon="-92.139399" /><trkpt lat="38.819441" lon="-92.139466" /><trkpt lat="38.819384" lon="-92.139607" /><trkpt lat="38.819233" lon="-92.139778" /><trkpt lat="38.819111" lon="-92.139875" /><trkpt lat="38.818990" lon="-92.139956" /><trkpt lat="38.818828" lon="-92.140023" /><trkpt lat="38.818660" lon="-92.140150" /><trkpt lat="38.818590" lon="-92.140276" /><trkpt lat="38.818480" lon="-92.140491" /><trkpt lat="38.818408" lon="-92.140540" /><trkpt lat="38.818313" lon="-92.140574" /><trkpt lat="38.818261" lon="-92.140662" /><trkpt lat="38.818214" lon="-92.140774" /><trkpt lat="38.818189" lon="-92.140958" /><trkpt lat="38.818216" lon="-92.141220" /><trkpt lat="38.818272" lon="-92.141398" /><trkpt lat="38.818330" lon="-92.141554" /><trkpt lat="38.818333" lon="-92.141701" /><trkpt lat="38.818436" lon="-92.141851" /><trkpt lat="38.818396" lon="-92.142020" /><trkpt lat="38.818388" lon="-92.142214" /><trkpt lat="38.818388" lon="-92.142329" /><trkpt lat="38.818397" lon="-92.142432" /><trkpt lat="38.818350" lon="-92.142669" /><trkpt lat="38.818355" lon="-92.142919" /><trkpt lat="38.818329" lon="-92.143085" /><trkpt lat="38.818279" lon="-92.143230" /><trkpt lat="38.818179" lon="-92.143367" /><trkpt lat="38.817964" lon="-92.143620" /><trkpt lat="38.817918" lon="-92.143708" /><trkpt lat="38.817902" lon="-92.143812" /><trkpt lat="38.817911" lon="-92.143861" /><trkpt lat="38.818076" lon="-92.144144" /></trkseg></trk>
<trk><name>Day 1 evening: Devil's Backbone side trip (3.5 mi)</name><trkseg><trkpt lat="38.818076" lon="-92.144144" /><trkpt lat="38.818105" lon="-92.144202" /><trkpt lat="38.818125" lon="-92.144305" /><trkpt lat="38.818123" lon="-92.144561" /><trkpt lat="38.818104" lon="-92.145727" /><trkpt lat="38.818111" lon="-92.146028" /><trkpt lat="38.818115" lon="-92.147177" /><trkpt lat="38.818092" lon="-92.147330" /><trkpt lat="38.818043" lon="-92.147456" /><trkpt lat="38.817896" lon="-92.147560" /><trkpt lat="38.817398" lon="-92.147874" /><trkpt lat="38.817262" lon="-92.147976" /><trkpt lat="38.817206" lon="-92.148057" /><trkpt lat="38.817148" lon="-92.148184" /><trkpt lat="38.817115" lon="-92.148330" /><trkpt lat="38.817132" lon="-92.149302" /><trkpt lat="38.817178" lon="-92.150182" /><trkpt lat="38.817229" lon="-92.150939" /><trkpt lat="38.817263" lon="-92.151395" /><trkpt lat="38.817256" lon="-92.151668" /><trkpt lat="38.817193" lon="-92.152320" /><trkpt lat="38.817203" lon="-92.152767" /><trkpt lat="38.817234" lon="-92.153596" /><trkpt lat="38.817260" lon="-92.154635" /><trkpt lat="38.817306" lon="-92.156795" /><trkpt lat="38.816396" lon="-92.156762" /><trkpt lat="38.815177" lon="-92.156808" /><trkpt lat="38.813257" lon="-92.156924" /><trkpt lat="38.813048" lon="-92.156934" /><trkpt lat="38.810454" lon="-92.157056" /><trkpt lat="38.810185" lon="-92.157044" /><trkpt lat="38.810044" lon="-92.156994" /><trkpt lat="38.809851" lon="-92.156666" /><trkpt lat="38.8098507" lon="-92.1566659" /><trkpt lat="38.8096811" lon="-92.1566169" /><trkpt lat="38.8085864" lon="-92.1566185" /><trkpt lat="38.8081975" lon="-92.1565877" /><trkpt lat="38.8079982" lon="-92.1565445" /><trkpt lat="38.8078421" lon="-92.1564244" /><trkpt lat="38.8076885" lon="-92.1562734" /><trkpt lat="38.8075684" lon="-92.1561902" /><trkpt lat="38.8074196" lon="-92.1561070" /><trkpt lat="38.8067274" lon="-92.1559904" /><trkpt lat="38.8066762" lon="-92.1559209" /><trkpt lat="38.8066058" lon="-92.1557900" /><trkpt lat="38.8065266" lon="-92.1557432" /><trkpt lat="38.8062034" lon="-92.1556538" /><trkpt lat="38.8060640" lon="-92.1555643" /><trkpt lat="38.8059363" lon="-92.1554276" /><trkpt lat="38.8058723" lon="-92.1551964" /><trkpt lat="38.8058343" lon="-92.1549464" /><trkpt lat="38.8058533" lon="-92.1546781" /><trkpt lat="38.8059943" lon="-92.1541170" /><trkpt lat="38.8059959" lon="-92.1539382" /><trkpt lat="38.8059848" lon="-92.1537532" /><trkpt lat="38.8059151" lon="-92.1535987" /><trkpt lat="38.8058201" lon="-92.1534483" /><trkpt lat="38.8047440" lon="-92.1521301" /><trkpt lat="38.8046336" lon="-92.1519949" /><trkpt lat="38.8044515" lon="-92.1517919" /><trkpt lat="38.8044515" lon="-92.1517919" /><trkpt lat="38.8046336" lon="-92.1519949" /><trkpt lat="38.8047440" lon="-92.1521301" /><trkpt lat="38.8058201" lon="-92.1534483" /><trkpt lat="38.8059151" lon="-92.1535987" /><trkpt lat="38.8059848" lon="-92.1537532" /><trkpt lat="38.8059959" lon="-92.1539382" /><trkpt lat="38.8059943" lon="-92.1541170" /><trkpt lat="38.8058533" lon="-92.1546781" /><trkpt lat="38.8058343" lon="-92.1549464" /><trkpt lat="38.8058723" lon="-92.1551964" /><trkpt lat="38.8059363" lon="-92.1554276" /><trkpt lat="38.8060640" lon="-92.1555643" /><trkpt lat="38.8062034" lon="-92.1556538" /><trkpt lat="38.8065266" lon="-92.1557432" /><trkpt lat="38.8066058" lon="-92.1557900" /><trkpt lat="38.8066762" lon="-92.1559209" /><trkpt lat="38.8067274" lon="-92.1559904" /><trkpt lat="38.8074196" lon="-92.1561070" /><trkpt lat="38.8075684" lon="-92.1561902" /><trkpt lat="38.8076885" lon="-92.1562734" /><trkpt lat="38.8078421" lon="-92.1564244" /><trkpt lat="38.8079982" lon="-92.1565445" /><trkpt lat="38.8081975" lon="-92.1565877" /><trkpt lat="38.8085864" lon="-92.1566185" /><trkpt lat="38.8096811" lon="-92.1566169" /><trkpt lat="38.8098507" lon="-92.1566659" /><trkpt lat="38.810044" lon="-92.156994" /><trkpt lat="38.810185" lon="-92.157044" /><trkpt lat="38.810454" lon="-92.157056" /><trkpt lat="38.813048" lon="-92.156934" /><trkpt lat="38.813257" lon="-92.156924" /><trkpt lat="38.815177" lon="-92.156808" /><trkpt lat="38.816396" lon="-92.156762" /><trkpt lat="38.817306" lon="-92.156795" /><trkpt lat="38.817260" lon="-92.154635" /><trkpt lat="38.817234" lon="-92.153596" /><trkpt lat="38.817203" lon="-92.152767" /><trkpt lat="38.817193" lon="-92.152320" /><trkpt lat="38.817256" lon="-92.151668" /><trkpt lat="38.817263" lon="-92.151395" /><trkpt lat="38.817229" lon="-92.150939" /><trkpt lat="38.817178" lon="-92.150182" /><trkpt lat="38.817132" lon="-92.149302" /><trkpt lat="38.817115" lon="-92.148330" /><trkpt lat="38.817148" lon="-92.148184" /><trkpt lat="38.817206" lon="-92.148057" /><trkpt lat="38.817262" lon="-92.147976" /><trkpt lat="38.817398" lon="-92.147874" /><trkpt lat="38.817896" lon="-92.147560" /><trkpt lat="38.818043" lon="-92.147456" /><trkpt lat="38.818092" lon="-92.147330" /><trkpt lat="38.818115" lon="-92.147177" /><trkpt lat="38.818111" lon="-92.146028" /><trkpt lat="38.818104" lon="-92.145727" /><trkpt lat="38.818123" lon="-92.144561" /><trkpt lat="38.818125" lon="-92.144305" /><trkpt lat="38.818105" lon="-92.144202" /><trkpt lat="38.818076" lon="-92.144144" /></trkseg></trk>
<trk><name>Day 2: Moon Loop with day packs (13.3 mi)</name><trkseg><trkpt lat="38.818076" lon="-92.144144" /><trkpt lat="38.818105" lon="-92.144202" /><trkpt lat="38.818125" lon="-92.144305" /><trkpt lat="38.818123" lon="-92.144561" /><trkpt lat="38.818104" lon="-92.145727" /><trkpt lat="38.818111" lon="-92.146028" /><trkpt lat="38.818115" lon="-92.147177" /><trkpt lat="38.818092" lon="-92.147330" /><trkpt lat="38.818043" lon="-92.147456" /><trkpt lat="38.817896" lon="-92.147560" /><trkpt lat="38.817398" lon="-92.147874" /><trkpt lat="38.817262" lon="-92.147976" /><trkpt lat="38.817206" lon="-92.148057" /><trkpt lat="38.817148" lon="-92.148184" /><trkpt lat="38.817115" lon="-92.148330" /><trkpt lat="38.817132" lon="-92.149302" /><trkpt lat="38.817178" lon="-92.150182" /><trkpt lat="38.817229" lon="-92.150939" /><trkpt lat="38.817263" lon="-92.151395" /><trkpt lat="38.817256" lon="-92.151668" /><trkpt lat="38.817193" lon="-92.152320" /><trkpt lat="38.817203" lon="-92.152767" /><trkpt lat="38.817234" lon="-92.153596" /><trkpt lat="38.817260" lon="-92.154635" /><trkpt lat="38.817306" lon="-92.156795" /><trkpt lat="38.817308" lon="-92.157250" /><trkpt lat="38.817324" lon="-92.160316" /><trkpt lat="38.817313" lon="-92.165488" /><trkpt lat="38.817359" lon="-92.166078" /><trkpt lat="38.818221" lon="-92.166069" /><trkpt lat="38.822371" lon="-92.165949" /><trkpt lat="38.824221" lon="-92.165895" /><trkpt lat="38.824440" lon="-92.165831" /><trkpt lat="38.824573" lon="-92.165733" /><trkpt lat="38.824638" lon="-92.165622" /><trkpt lat="38.824663" lon="-92.165469" /><trkpt lat="38.824634" lon="-92.163694" /><trkpt lat="38.824761" lon="-92.163602" /><trkpt lat="38.824971" lon="-92.163536" /><trkpt lat="38.825246" lon="-92.163517" /><trkpt lat="38.825473" lon="-92.163462" /><trkpt lat="38.825840" lon="-92.163418" /><trkpt lat="38.826190" lon="-92.163403" /><trkpt lat="38.826508" lon="-92.163371" /><trkpt lat="38.826689" lon="-92.163432" /><trkpt lat="38.826859" lon="-92.163570" /><trkpt lat="38.827054" lon="-92.163627" /><trkpt lat="38.827416" lon="-92.163665" /><trkpt lat="38.827880" lon="-92.163736" /><trkpt lat="38.828086" lon="-92.163760" /><trkpt lat="38.828322" lon="-92.163726" /><trkpt lat="38.828546" lon="-92.163649" /><trkpt lat="38.828694" lon="-92.163562" /><trkpt lat="38.828862" lon="-92.163482" /><trkpt lat="38.829040" lon="-92.163389" /><trkpt lat="38.829225" lon="-92.163307" /><trkpt lat="38.829360" lon="-92.163263" /><trkpt lat="38.829575" lon="-92.163053" /><trkpt lat="38.829779" lon="-92.162800" /><trkpt lat="38.829912" lon="-92.162607" /><trkpt lat="38.830016" lon="-92.162391" /><trkpt lat="38.830018" lon="-92.162273" /><trkpt lat="38.830050" lon="-92.162166" /><trkpt lat="38.830121" lon="-92.162123" /><trkpt lat="38.830181" lon="-92.162097" /><trkpt lat="38.830263" lon="-92.162075" /><trkpt lat="38.830539" lon="-92.161893" /><trkpt lat="38.830808" lon="-92.161710" /><trkpt lat="38.830969" lon="-92.161643" /><trkpt lat="38.831303" lon="-92.161603" /><trkpt lat="38.831698" lon="-92.161603" /><trkpt lat="38.831963" lon="-92.161536" /><trkpt lat="38.831952" lon="-92.160664" /><trkpt lat="38.831924" lon="-92.158073" /><trkpt lat="38.832783" lon="-92.158038" /><trkpt lat="38.833791" lon="-92.158012" /><trkpt lat="38.833983" lon="-92.158064" /><trkpt lat="38.834673" lon="-92.158341" /><trkpt lat="38.835795" lon="-92.158792" /><trkpt lat="38.836196" lon="-92.158805" /><trkpt lat="38.836224" lon="-92.158800" /><trkpt lat="38.836262" lon="-92.158769" /><trkpt lat="38.836366" lon="-92.158672" /><trkpt lat="38.837442" lon="-92.157047" /><trkpt lat="38.837511" lon="-92.156904" /><trkpt lat="38.837566" lon="-92.156631" /><trkpt lat="38.837586" lon="-92.156421" /><trkpt lat="38.837617" lon="-92.156311" /><trkpt lat="38.837641" lon="-92.156277" /><trkpt lat="38.837679" lon="-92.156249" /><trkpt lat="38.837733" lon="-92.156247" /><trkpt lat="38.837888" lon="-92.156254" /><trkpt lat="38.841417" lon="-92.156196" /><trkpt lat="38.841487" lon="-92.156186" /><trkpt lat="38.841545" lon="-92.156183" /><trkpt lat="38.841720" lon="-92.156137" /><trkpt lat="38.842163" lon="-92.156104" /><trkpt lat="38.842338" lon="-92.156040" /><trkpt lat="38.842516" lon="-92.155979" /><trkpt lat="38.842654" lon="-92.155986" /><trkpt lat="38.842747" lon="-92.155989" /><trkpt lat="38.842791" lon="-92.156040" /><trkpt lat="38.842912" lon="-92.156064" /><trkpt lat="38.843060" lon="-92.156103" /><trkpt lat="38.843147" lon="-92.156121" /><trkpt lat="38.843233" lon="-92.156149" /><trkpt lat="38.843388" lon="-92.156198" /><trkpt lat="38.843556" lon="-92.156237" /><trkpt lat="38.843516" lon="-92.156319" /><trkpt lat="38.843426" lon="-92.156379" /><trkpt lat="38.843318" lon="-92.156406" /><trkpt lat="38.843221" lon="-92.156461" /><trkpt lat="38.843171" lon="-92.156505" /><trkpt lat="38.843138" lon="-92.156625" /><trkpt lat="38.843097" lon="-92.156840" /><trkpt lat="38.842986" lon="-92.156949" /><trkpt lat="38.842897" lon="-92.157032" /><trkpt lat="38.842661" lon="-92.157169" /><trkpt lat="38.842599" lon="-92.157288" /><trkpt lat="38.842566" lon="-92.157478" /><trkpt lat="38.842420" lon="-92.157551" /><trkpt lat="38.842145" lon="-92.157930" /><trkpt lat="38.842008" lon="-92.158246" /><trkpt lat="38.842080" lon="-92.158250" /><trkpt lat="38.842000" lon="-92.158220" /><trkpt lat="38.841940" lon="-92.158200" /><trkpt lat="38.841910" lon="-92.158180" /><trkpt lat="38.841830" lon="-92.158120" /><trkpt lat="38.841730" lon="-92.158080" /><trkpt lat="38.841660" lon="-92.158050" /><trkpt lat="38.841620" lon="-92.158040" /><trkpt lat="38.841600" lon="-92.158040" /><trkpt lat="38.841590" lon="-92.158050" /><trkpt lat="38.841550" lon="-92.158060" /><trkpt lat="38.841490" lon="-92.158090" /><trkpt lat="38.841410" lon="-92.158140" /><trkpt lat="38.841160" lon="-92.158290" /><trkpt lat="38.841100" lon="-92.158350" /><trkpt lat="38.841010" lon="-92.158420" /><trkpt lat="38.840980" lon="-92.158450" /><trkpt lat="38.840920" lon="-92.158540" /><trkpt lat="38.840910" lon="-92.158600" /><trkpt lat="38.840900" lon="-92.158650" /><trkpt lat="38.840900" lon="-92.158650" /><trkpt lat="38.840900" lon="-92.158660" /><trkpt lat="38.840900" lon="-92.158680" /><trkpt lat="38.840910" lon="-92.158710" /><trkpt lat="38.840930" lon="-92.158760" /><trkpt lat="38.840970" lon="-92.158840" /><trkpt lat="38.841010" lon="-92.158910" /><trkpt lat="38.841050" lon="-92.158950" /><trkpt lat="38.841100" lon="-92.159030" /><trkpt lat="38.841130" lon="-92.159080" /><trkpt lat="38.841210" lon="-92.159200" /><trkpt lat="38.841240" lon="-92.159280" /><trkpt lat="38.841290" lon="-92.159360" /><trkpt lat="38.841320" lon="-92.159400" /><trkpt lat="38.841340" lon="-92.159450" /><trkpt lat="38.841350" lon="-92.159510" /><trkpt lat="38.841360" lon="-92.159550" /><trkpt lat="38.841380" lon="-92.159610" /><trkpt lat="38.841390" lon="-92.159640" /><trkpt lat="38.841400" lon="-92.159680" /><trkpt lat="38.841410" lon="-92.159710" /><trkpt lat="38.841400" lon="-92.159780" /><trkpt lat="38.841400" lon="-92.159990" /><trkpt lat="38.841390" lon="-92.160030" /><trkpt lat="38.841400" lon="-92.160090" /><trkpt lat="38.841390" lon="-92.160130" /><trkpt lat="38.841390" lon="-92.160150" /><trkpt lat="38.841390" lon="-92.160170" /><trkpt lat="38.841380" lon="-92.160190" /><trkpt lat="38.841370" lon="-92.160220" /><trkpt lat="38.841360" lon="-92.160260" /><trkpt lat="38.841380" lon="-92.160390" /><trkpt lat="38.841410" lon="-92.160460" /><trkpt lat="38.841420" lon="-92.160530" /><trkpt lat="38.841410" lon="-92.160550" /><trkpt lat="38.841390" lon="-92.160630" /><trkpt lat="38.841340" lon="-92.160700" /><trkpt lat="38.841340" lon="-92.160710" /><trkpt lat="38.841320" lon="-92.160730" /><trkpt lat="38.841290" lon="-92.160740" /><trkpt lat="38.841250" lon="-92.160740" /><trkpt lat="38.841170" lon="-92.160710" /><trkpt lat="38.841120" lon="-92.160680" /><trkpt lat="38.841070" lon="-92.160640" /><trkpt lat="38.841040" lon="-92.160580" /><trkpt lat="38.841030" lon="-92.160560" /><trkpt lat="38.840950" lon="-92.160520" /><trkpt lat="38.840930" lon="-92.160500" /><trkpt lat="38.840900" lon="-92.160460" /><trkpt lat="38.840890" lon="-92.160400" /><trkpt lat="38.840860" lon="-92.160330" /><trkpt lat="38.840780" lon="-92.160210" /><trkpt lat="38.840730" lon="-92.160120" /><trkpt lat="38.840700" lon="-92.160080" /><trkpt lat="38.840700" lon="-92.160070" /><trkpt lat="38.840680" lon="-92.160030" /><trkpt lat="38.840650" lon="-92.159960" /><trkpt lat="38.840610" lon="-92.159890" /><trkpt lat="38.840560" lon="-92.159750" /><trkpt lat="38.840510" lon="-92.159660" /><trkpt lat="38.840440" lon="-92.159560" /><trkpt lat="38.840400" lon="-92.159520" /><trkpt lat="38.840350" lon="-92.159480" /><trkpt lat="38.840310" lon="-92.159470" /><trkpt lat="38.840270" lon="-92.159460" /><trkpt lat="38.840190" lon="-92.159480" /><trkpt lat="38.840080" lon="-92.159540" /><trkpt lat="38.840050" lon="-92.159560" /><trkpt lat="38.839970" lon="-92.159620" /><trkpt lat="38.839850" lon="-92.159730" /><trkpt lat="38.839750" lon="-92.159810" /><trkpt lat="38.839690" lon="-92.159850" /><trkpt lat="38.839640" lon="-92.159870" /><trkpt lat="38.839560" lon="-92.159910" /><trkpt lat="38.839510" lon="-92.159920" /><trkpt lat="38.839440" lon="-92.159950" /><trkpt lat="38.839390" lon="-92.160000" /><trkpt lat="38.839350" lon="-92.160040" /><trkpt lat="38.839340" lon="-92.160070" /><trkpt lat="38.839340" lon="-92.160090" /><trkpt lat="38.839340" lon="-92.160110" /><trkpt lat="38.839340" lon="-92.160150" /><trkpt lat="38.839330" lon="-92.160170" /><trkpt lat="38.839330" lon="-92.160200" /><trkpt lat="38.839330" lon="-92.160250" /><trkpt lat="38.839340" lon="-92.160290" /><trkpt lat="38.839330" lon="-92.160350" /><trkpt lat="38.839330" lon="-92.160570" /><trkpt lat="38.839340" lon="-92.160630" /><trkpt lat="38.839340" lon="-92.160890" /><trkpt lat="38.839330" lon="-92.161050" /><trkpt lat="38.839330" lon="-92.161190" /><trkpt lat="38.839330" lon="-92.161320" /><trkpt lat="38.839330" lon="-92.161360" /><trkpt lat="38.839330" lon="-92.161430" /><trkpt lat="38.839320" lon="-92.161510" /><trkpt lat="38.839310" lon="-92.161620" /><trkpt lat="38.839320" lon="-92.161740" /><trkpt lat="38.839340" lon="-92.161830" /><trkpt lat="38.839340" lon="-92.161890" /><trkpt lat="38.839360" lon="-92.161990" /><trkpt lat="38.839380" lon="-92.162040" /><trkpt lat="38.839410" lon="-92.162080" /><trkpt lat="38.839440" lon="-92.162130" /><trkpt lat="38.839500" lon="-92.162200" /><trkpt lat="38.839580" lon="-92.162240" /><trkpt lat="38.839610" lon="-92.162280" /><trkpt lat="38.839630" lon="-92.162300" /><trkpt lat="38.839630" lon="-92.162310" /><trkpt lat="38.839640" lon="-92.162360" /><trkpt lat="38.839620" lon="-92.162420" /><trkpt lat="38.839590" lon="-92.162490" /><trkpt lat="38.839460" lon="-92.162570" /><trkpt lat="38.839420" lon="-92.162620" /><trkpt lat="38.839390" lon="-92.162660" /><trkpt lat="38.839380" lon="-92.162700" /><trkpt lat="38.839370" lon="-92.162750" /><trkpt lat="38.839360" lon="-92.162820" /><trkpt lat="38.839390" lon="-92.162980" /><trkpt lat="38.839390" lon="-92.163020" /><trkpt lat="38.839400" lon="-92.163090" /><trkpt lat="38.839400" lon="-92.163160" /><trkpt lat="38.839400" lon="-92.163190" /><trkpt lat="38.839380" lon="-92.163230" /><trkpt lat="38.839370" lon="-92.163280" /><trkpt lat="38.839370" lon="-92.163300" /><trkpt lat="38.839360" lon="-92.163340" /><trkpt lat="38.839360" lon="-92.163390" /><trkpt lat="38.839360" lon="-92.163480" /><trkpt lat="38.839370" lon="-92.163550" /><trkpt lat="38.839370" lon="-92.163590" /><trkpt lat="38.839370" lon="-92.163630" /><trkpt lat="38.839380" lon="-92.163680" /><trkpt lat="38.839410" lon="-92.163730" /><trkpt lat="38.839440" lon="-92.163880" /><trkpt lat="38.839430" lon="-92.163960" /><trkpt lat="38.839410" lon="-92.164120" /><trkpt lat="38.839410" lon="-92.164170" /><trkpt lat="38.839410" lon="-92.164230" /><trkpt lat="38.839410" lon="-92.164280" /><trkpt lat="38.839410" lon="-92.164310" /><trkpt lat="38.839410" lon="-92.164350" /><trkpt lat="38.839410" lon="-92.164380" /><trkpt lat="38.839410" lon="-92.164400" /><trkpt lat="38.839410" lon="-92.164410" /><trkpt lat="38.839410" lon="-92.164440" /><trkpt lat="38.839420" lon="-92.164470" /><trkpt lat="38.839420" lon="-92.164510" /><trkpt lat="38.839420" lon="-92.164780" /><trkpt lat="38.839410" lon="-92.164830" /><trkpt lat="38.839410" lon="-92.165010" /><trkpt lat="38.839400" lon="-92.165070" /><trkpt lat="38.839400" lon="-92.165240" /><trkpt lat="38.839410" lon="-92.165290" /><trkpt lat="38.839400" lon="-92.165330" /><trkpt lat="38.839410" lon="-92.165370" /><trkpt lat="38.839410" lon="-92.165400" /><trkpt lat="38.839420" lon="-92.165430" /><trkpt lat="38.839430" lon="-92.165480" /><trkpt lat="38.839440" lon="-92.165520" /><trkpt lat="38.839450" lon="-92.165550" /><trkpt lat="38.839460" lon="-92.165570" /><trkpt lat="38.839460" lon="-92.165600" /><trkpt lat="38.839460" lon="-92.165720" /><trkpt lat="38.839450" lon="-92.165740" /><trkpt lat="38.839450" lon="-92.165790" /><trkpt lat="38.839440" lon="-92.165860" /><trkpt lat="38.839410" lon="-92.165970" /><trkpt lat="38.839400" lon="-92.166040" /><trkpt lat="38.839400" lon="-92.166110" /><trkpt lat="38.839400" lon="-92.166190" /><trkpt lat="38.839400" lon="-92.166300" /><trkpt lat="38.839410" lon="-92.166450" /><trkpt lat="38.839410" lon="-92.166550" /><trkpt lat="38.839410" lon="-92.166630" /><trkpt lat="38.839410" lon="-92.166680" /><trkpt lat="38.839410" lon="-92.166890" /><trkpt lat="38.839410" lon="-92.167100" /><trkpt lat="38.839420" lon="-92.167330" /><trkpt lat="38.839420" lon="-92.167550" /><trkpt lat="38.839410" lon="-92.167590" /><trkpt lat="38.839420" lon="-92.167650" /><trkpt lat="38.839420" lon="-92.167710" /><trkpt lat="38.839430" lon="-92.167770" /><trkpt lat="38.839430" lon="-92.167820" /><trkpt lat="38.839430" lon="-92.167870" /><trkpt lat="38.839430" lon="-92.167910" /><trkpt lat="38.839440" lon="-92.167960" /><trkpt lat="38.839440" lon="-92.168100" /><trkpt lat="38.839430" lon="-92.168170" /><trkpt lat="38.839430" lon="-92.168330" /><trkpt lat="38.839440" lon="-92.168390" /><trkpt lat="38.839440" lon="-92.168730" /><trkpt lat="38.839430" lon="-92.168780" /><trkpt lat="38.839430" lon="-92.168840" /><trkpt lat="38.839420" lon="-92.168900" /><trkpt lat="38.839420" lon="-92.168950" /><trkpt lat="38.839420" lon="-92.168980" /><trkpt lat="38.839420" lon="-92.169000" /><trkpt lat="38.839410" lon="-92.169020" /><trkpt lat="38.839410" lon="-92.169080" /><trkpt lat="38.839400" lon="-92.169150" /><trkpt lat="38.839400" lon="-92.169190" /><trkpt lat="38.839410" lon="-92.169240" /><trkpt lat="38.839450" lon="-92.169280" /><trkpt lat="38.839470" lon="-92.169290" /><trkpt lat="38.839530" lon="-92.169310" /><trkpt lat="38.839580" lon="-92.169330" /><trkpt lat="38.839610" lon="-92.169340" /><trkpt lat="38.839620" lon="-92.169340" /><trkpt lat="38.839630" lon="-92.169340" /><trkpt lat="38.839660" lon="-92.169340" /><trkpt lat="38.839720" lon="-92.169350" /><trkpt lat="38.839740" lon="-92.169380" /><trkpt lat="38.839790" lon="-92.169470" /><trkpt lat="38.839810" lon="-92.169520" /><trkpt lat="38.839840" lon="-92.169550" /><trkpt lat="38.839910" lon="-92.169570" /><trkpt lat="38.839960" lon="-92.169590" /><trkpt lat="38.840000" lon="-92.169610" /><trkpt lat="38.840030" lon="-92.169620" /><trkpt lat="38.840090" lon="-92.169640" /><trkpt lat="38.840180" lon="-92.169670" /><trkpt lat="38.840240" lon="-92.169720" /><trkpt lat="38.840290" lon="-92.169760" /><trkpt lat="38.840340" lon="-92.169790" /><trkpt lat="38.840420" lon="-92.169800" /><trkpt lat="38.840470" lon="-92.169820" /><trkpt lat="38.840570" lon="-92.169810" /><trkpt lat="38.840630" lon="-92.169830" /><trkpt lat="38.840760" lon="-92.169900" /><trkpt lat="38.840800" lon="-92.169930" /><trkpt lat="38.840810" lon="-92.169950" /><trkpt lat="38.840820" lon="-92.169960" /><trkpt lat="38.840830" lon="-92.169980" /><trkpt lat="38.840850" lon="-92.170000" /><trkpt lat="38.840870" lon="-92.170030" /><trkpt lat="38.840890" lon="-92.170070" /><trkpt lat="38.840920" lon="-92.170100" /><trkpt lat="38.840930" lon="-92.170130" /><trkpt lat="38.840970" lon="-92.170170" /><trkpt lat="38.840990" lon="-92.170200" /><trkpt lat="38.841050" lon="-92.170260" /><trkpt lat="38.841100" lon="-92.170290" /><trkpt lat="38.841130" lon="-92.170310" /><trkpt lat="38.841220" lon="-92.170410" /><trkpt lat="38.841260" lon="-92.170440" /><trkpt lat="38.841320" lon="-92.170450" /><trkpt lat="38.841460" lon="-92.170430" /><trkpt lat="38.841490" lon="-92.170410" /><trkpt lat="38.841510" lon="-92.170410" /><trkpt lat="38.841580" lon="-92.170360" /><trkpt lat="38.841620" lon="-92.170340" /><trkpt lat="38.841710" lon="-92.170260" /><trkpt lat="38.841780" lon="-92.170230" /><trkpt lat="38.841830" lon="-92.170240" /><trkpt lat="38.841860" lon="-92.170270" /><trkpt lat="38.841890" lon="-92.170320" /><trkpt lat="38.841920" lon="-92.170360" /><trkpt lat="38.841950" lon="-92.170400" /><trkpt lat="38.842000" lon="-92.170450" /><trkpt lat="38.842080" lon="-92.170540" /><trkpt lat="38.842100" lon="-92.170590" /><trkpt lat="38.842110" lon="-92.170620" /><trkpt lat="38.842120" lon="-92.170690" /><trkpt lat="38.842110" lon="-92.170710" /><trkpt lat="38.842110" lon="-92.170740" /><trkpt lat="38.842100" lon="-92.170760" /><trkpt lat="38.842100" lon="-92.170770" /><trkpt lat="38.842090" lon="-92.170810" /><trkpt lat="38.842090" lon="-92.170880" /><trkpt lat="38.842090" lon="-92.170890" /><trkpt lat="38.842090" lon="-92.170980" /><trkpt lat="38.842100" lon="-92.171030" /><trkpt lat="38.842090" lon="-92.171180" /><trkpt lat="38.842080" lon="-92.171270" /><trkpt lat="38.842050" lon="-92.171320" /><trkpt lat="38.842040" lon="-92.171360" /><trkpt lat="38.842040" lon="-92.171530" /><trkpt lat="38.841990" lon="-92.171700" /><trkpt lat="38.841990" lon="-92.171740" /><trkpt lat="38.841970" lon="-92.171850" /><trkpt lat="38.841960" lon="-92.171930" /><trkpt lat="38.841980" lon="-92.171980" /><trkpt lat="38.841980" lon="-92.171980" /><trkpt lat="38.841990" lon="-92.172010" /><trkpt lat="38.841990" lon="-92.172020" /><trkpt lat="38.842000" lon="-92.172070" /><trkpt lat="38.842000" lon="-92.172110" /><trkpt lat="38.841980" lon="-92.172200" /><trkpt lat="38.841950" lon="-92.172270" /><trkpt lat="38.841890" lon="-92.172340" /><trkpt lat="38.841800" lon="-92.172440" /><trkpt lat="38.841770" lon="-92.172470" /><trkpt lat="38.841740" lon="-92.172490" /><trkpt lat="38.841680" lon="-92.172510" /><trkpt lat="38.841510" lon="-92.172530" /><trkpt lat="38.841480" lon="-92.172540" /><trkpt lat="38.841460" lon="-92.172560" /><trkpt lat="38.841450" lon="-92.172580" /><trkpt lat="38.841430" lon="-92.172610" /><trkpt lat="38.841420" lon="-92.172650" /><trkpt lat="38.841420" lon="-92.172680" /><trkpt lat="38.841420" lon="-92.172710" /><trkpt lat="38.841420" lon="-92.172720" /><trkpt lat="38.841410" lon="-92.172760" /><trkpt lat="38.841400" lon="-92.172820" /><trkpt lat="38.841390" lon="-92.172890" /><trkpt lat="38.841400" lon="-92.172920" /><trkpt lat="38.841410" lon="-92.172940" /><trkpt lat="38.841420" lon="-92.172960" /><trkpt lat="38.841480" lon="-92.172970" /><trkpt lat="38.841570" lon="-92.172960" /><trkpt lat="38.841630" lon="-92.172940" /><trkpt lat="38.841670" lon="-92.172940" /><trkpt lat="38.841710" lon="-92.172930" /><trkpt lat="38.841780" lon="-92.172930" /><trkpt lat="38.841810" lon="-92.172920" /><trkpt lat="38.841920" lon="-92.172840" /><trkpt lat="38.842000" lon="-92.172770" /><trkpt lat="38.842060" lon="-92.172710" /><trkpt lat="38.842090" lon="-92.172670" /><trkpt lat="38.842140" lon="-92.172630" /><trkpt lat="38.842210" lon="-92.172570" /><trkpt lat="38.842250" lon="-92.172520" /><trkpt lat="38.842350" lon="-92.172420" /><trkpt lat="38.842360" lon="-92.172400" /><trkpt lat="38.842360" lon="-92.172380" /><trkpt lat="38.842400" lon="-92.172360" /><trkpt lat="38.842440" lon="-92.172320" /><trkpt lat="38.842440" lon="-92.172310" /><trkpt lat="38.842460" lon="-92.172310" /><trkpt lat="38.842480" lon="-92.172290" /><trkpt lat="38.842480" lon="-92.172270" /><trkpt lat="38.842510" lon="-92.172230" /><trkpt lat="38.842520" lon="-92.172200" /><trkpt lat="38.842520" lon="-92.172160" /><trkpt lat="38.842510" lon="-92.172120" /><trkpt lat="38.842480" lon="-92.172040" /><trkpt lat="38.842480" lon="-92.172030" /><trkpt lat="38.842470" lon="-92.172010" /><trkpt lat="38.842470" lon="-92.171980" /><trkpt lat="38.842480" lon="-92.171950" /><trkpt lat="38.842490" lon="-92.171920" /><trkpt lat="38.842490" lon="-92.171920" /><trkpt lat="38.842510" lon="-92.171900" /><trkpt lat="38.842510" lon="-92.171900" /><trkpt lat="38.842520" lon="-92.171870" /><trkpt lat="38.842530" lon="-92.171860" /><trkpt lat="38.842570" lon="-92.171830" /><trkpt lat="38.842600" lon="-92.171810" /><trkpt lat="38.842620" lon="-92.171790" /><trkpt lat="38.842670" lon="-92.171750" /><trkpt lat="38.842740" lon="-92.171720" /><trkpt lat="38.842820" lon="-92.171680" /><trkpt lat="38.842880" lon="-92.171660" /><trkpt lat="38.842940" lon="-92.171650" /><trkpt lat="38.843020" lon="-92.171640" /><trkpt lat="38.843050" lon="-92.171620" /><trkpt lat="38.843090" lon="-92.171560" /><trkpt lat="38.843100" lon="-92.171540" /><trkpt lat="38.843120" lon="-92.171420" /><trkpt lat="38.843160" lon="-92.171370" /><trkpt lat="38.843170" lon="-92.171370" /><trkpt lat="38.843190" lon="-92.171380" /><trkpt lat="38.843220" lon="-92.171400" /><trkpt lat="38.843240" lon="-92.171410" /><trkpt lat="38.843270" lon="-92.171430" /><trkpt lat="38.843310" lon="-92.171440" /><trkpt lat="38.843360" lon="-92.171470" /><trkpt lat="38.843420" lon="-92.171550" /><trkpt lat="38.843440" lon="-92.171590" /><trkpt lat="38.843460" lon="-92.171620" /><trkpt lat="38.843480" lon="-92.171660" /><trkpt lat="38.843510" lon="-92.171740" /><trkpt lat="38.843530" lon="-92.171810" /><trkpt lat="38.843530" lon="-92.171860" /><trkpt lat="38.843560" lon="-92.172000" /><trkpt lat="38.843560" lon="-92.172080" /><trkpt lat="38.843570" lon="-92.172110" /><trkpt lat="38.843570" lon="-92.172170" /><trkpt lat="38.843580" lon="-92.172190" /><trkpt lat="38.843590" lon="-92.172240" /><trkpt lat="38.843600" lon="-92.172270" /><trkpt lat="38.843620" lon="-92.172290" /><trkpt lat="38.843630" lon="-92.172310" /><trkpt lat="38.843640" lon="-92.172330" /><trkpt lat="38.843650" lon="-92.172360" /><trkpt lat="38.843680" lon="-92.172420" /><trkpt lat="38.843700" lon="-92.172450" /><trkpt lat="38.843870" lon="-92.172620" /><trkpt lat="38.843890" lon="-92.172660" /><trkpt lat="38.843930" lon="-92.172750" /><trkpt lat="38.843960" lon="-92.172830" /><trkpt lat="38.844020" lon="-92.172930" /><trkpt lat="38.844130" lon="-92.173050" /><trkpt lat="38.844180" lon="-92.173110" /><trkpt lat="38.844220" lon="-92.173160" /><trkpt lat="38.844260" lon="-92.173210" /><trkpt lat="38.844320" lon="-92.173290" /><trkpt lat="38.844410" lon="-92.173400" /><trkpt lat="38.844490" lon="-92.173480" /><trkpt lat="38.844600" lon="-92.173540" /><trkpt lat="38.844710" lon="-92.173590" /><trkpt lat="38.844780" lon="-92.173620" /><trkpt lat="38.844870" lon="-92.173700" /><trkpt lat="38.844910" lon="-92.173730" /><trkpt lat="38.844950" lon="-92.173770" /><trkpt lat="38.844990" lon="-92.173820" /><trkpt lat="38.845030" lon="-92.173860" /><trkpt lat="38.845070" lon="-92.173910" /><trkpt lat="38.845140" lon="-92.173950" /><trkpt lat="38.845220" lon="-92.173990" /><trkpt lat="38.845290" lon="-92.174000" /><trkpt lat="38.845380" lon="-92.173980" /><trkpt lat="38.845440" lon="-92.173980" /><trkpt lat="38.845490" lon="-92.173990" /><trkpt lat="38.845600" lon="-92.173990" /><trkpt lat="38.845650" lon="-92.174000" /><trkpt lat="38.845720" lon="-92.174040" /><trkpt lat="38.845780" lon="-92.174070" /><trkpt lat="38.845850" lon="-92.174110" /><trkpt lat="38.845910" lon="-92.174140" /><trkpt lat="38.845960" lon="-92.174180" /><trkpt lat="38.846000" lon="-92.174220" /><trkpt lat="38.846020" lon="-92.174270" /><trkpt lat="38.846050" lon="-92.174350" /><trkpt lat="38.846070" lon="-92.174470" /><trkpt lat="38.846080" lon="-92.174500" /><trkpt lat="38.846120" lon="-92.174580" /><trkpt lat="38.846150" lon="-92.174610" /><trkpt lat="38.846190" lon="-92.174640" /><trkpt lat="38.846300" lon="-92.174690" /><trkpt lat="38.846400" lon="-92.174730" /><trkpt lat="38.846490" lon="-92.174770" /><trkpt lat="38.846560" lon="-92.174810" /><trkpt lat="38.846660" lon="-92.174860" /><trkpt lat="38.846700" lon="-92.174870" /><trkpt lat="38.846760" lon="-92.174870" /><trkpt lat="38.846790" lon="-92.174870" /><trkpt lat="38.846950" lon="-92.174800" /><trkpt lat="38.846970" lon="-92.174800" /><trkpt lat="38.847020" lon="-92.174780" /><trkpt lat="38.847050" lon="-92.174780" /><trkpt lat="38.847120" lon="-92.174760" /><trkpt lat="38.847190" lon="-92.174750" /><trkpt lat="38.847260" lon="-92.174750" /><trkpt lat="38.847310" lon="-92.174760" /><trkpt lat="38.847350" lon="-92.174770" /><trkpt lat="38.847410" lon="-92.174780" /><trkpt lat="38.847500" lon="-92.174790" /><trkpt lat="38.847620" lon="-92.174820" /><trkpt lat="38.847720" lon="-92.174840" /><trkpt lat="38.847790" lon="-92.174860" /><trkpt lat="38.847880" lon="-92.174900" /><trkpt lat="38.848010" lon="-92.174960" /><trkpt lat="38.848090" lon="-92.174970" /><trkpt lat="38.848170" lon="-92.174970" /><trkpt lat="38.848290" lon="-92.174970" /><trkpt lat="38.848360" lon="-92.174970" /><trkpt lat="38.848440" lon="-92.174960" /><trkpt lat="38.848860" lon="-92.174960" /><trkpt lat="38.848900" lon="-92.174970" /><trkpt lat="38.848950" lon="-92.175000" /><trkpt lat="38.848980" lon="-92.175070" /><trkpt lat="38.849000" lon="-92.175140" /><trkpt lat="38.849090" lon="-92.175320" /><trkpt lat="38.849200" lon="-92.175500" /><trkpt lat="38.849350" lon="-92.175710" /><trkpt lat="38.849370" lon="-92.175750" /><trkpt lat="38.849480" lon="-92.175900" /><trkpt lat="38.849570" lon="-92.176010" /><trkpt lat="38.849690" lon="-92.176160" /><trkpt lat="38.849780" lon="-92.176270" /><trkpt lat="38.849880" lon="-92.176370" /><trkpt lat="38.849960" lon="-92.176410" /><trkpt lat="38.850140" lon="-92.176540" /><trkpt lat="38.850190" lon="-92.176580" /><trkpt lat="38.850270" lon="-92.176630" /><trkpt lat="38.850320" lon="-92.176650" /><trkpt lat="38.850350" lon="-92.176670" /><trkpt lat="38.850380" lon="-92.176680" /><trkpt lat="38.850420" lon="-92.176690" /><trkpt lat="38.850450" lon="-92.176710" /><trkpt lat="38.850490" lon="-92.176720" /><trkpt lat="38.850580" lon="-92.176730" /><trkpt lat="38.850710" lon="-92.176770" /><trkpt lat="38.850790" lon="-92.176770" /><trkpt lat="38.850820" lon="-92.176780" /><trkpt lat="38.850860" lon="-92.176780" /><trkpt lat="38.850910" lon="-92.176800" /><trkpt lat="38.850940" lon="-92.176800" /><trkpt lat="38.851040" lon="-92.176820" /><trkpt lat="38.851080" lon="-92.176820" /><trkpt lat="38.851120" lon="-92.176820" /><trkpt lat="38.851170" lon="-92.176780" /><trkpt lat="38.851210" lon="-92.176740" /><trkpt lat="38.851260" lon="-92.176670" /><trkpt lat="38.851310" lon="-92.176590" /><trkpt lat="38.851370" lon="-92.176480" /><trkpt lat="38.851400" lon="-92.176400" /><trkpt lat="38.851420" lon="-92.176280" /><trkpt lat="38.851430" lon="-92.176170" /><trkpt lat="38.851420" lon="-92.175950" /><trkpt lat="38.851400" lon="-92.175780" /><trkpt lat="38.851370" lon="-92.175630" /><trkpt lat="38.851350" lon="-92.175570" /><trkpt lat="38.851320" lon="-92.175490" /><trkpt lat="38.851260" lon="-92.175380" /><trkpt lat="38.851240" lon="-92.175310" /><trkpt lat="38.851240" lon="-92.175260" /><trkpt lat="38.851230" lon="-92.175210" /><trkpt lat="38.851230" lon="-92.175160" /><trkpt lat="38.851230" lon="-92.175040" /><trkpt lat="38.851220" lon="-92.174960" /><trkpt lat="38.851220" lon="-92.174900" /><trkpt lat="38.851210" lon="-92.174820" /><trkpt lat="38.851190" lon="-92.174740" /><trkpt lat="38.851180" lon="-92.174720" /><trkpt lat="38.851160" lon="-92.174700" /><trkpt lat="38.851110" lon="-92.174660" /><trkpt lat="38.851090" lon="-92.174630" /><trkpt lat="38.851080" lon="-92.174620" /><trkpt lat="38.851060" lon="-92.174600" /><trkpt lat="38.851040" lon="-92.174580" /><trkpt lat="38.851010" lon="-92.174540" /><trkpt lat="38.850980" lon="-92.174490" /><trkpt lat="38.850950" lon="-92.174380" /><trkpt lat="38.850830" lon="-92.174110" /><trkpt lat="38.850770" lon="-92.173900" /><trkpt lat="38.850750" lon="-92.173800" /><trkpt lat="38.850750" lon="-92.173760" /><trkpt lat="38.850730" lon="-92.173680" /><trkpt lat="38.850720" lon="-92.173630" /><trkpt lat="38.850710" lon="-92.173590" /><trkpt lat="38.850710" lon="-92.173590" /><trkpt lat="38.850700" lon="-92.173530" /><trkpt lat="38.850690" lon="-92.173480" /><trkpt lat="38.850680" lon="-92.173360" /><trkpt lat="38.850700" lon="-92.173300" /><trkpt lat="38.850710" lon="-92.173270" /><trkpt lat="38.850740" lon="-92.173220" /><trkpt lat="38.850760" lon="-92.173180" /><trkpt lat="38.850770" lon="-92.173140" /><trkpt lat="38.850780" lon="-92.173070" /><trkpt lat="38.850780" lon="-92.172940" /><trkpt lat="38.850790" lon="-92.172880" /><trkpt lat="38.850800" lon="-92.172770" /><trkpt lat="38.850790" lon="-92.172750" /><trkpt lat="38.850800" lon="-92.172680" /><trkpt lat="38.850830" lon="-92.172570" /><trkpt lat="38.850830" lon="-92.172540" /><trkpt lat="38.850830" lon="-92.172490" /><trkpt lat="38.850830" lon="-92.172470" /><trkpt lat="38.850810" lon="-92.172430" /><trkpt lat="38.850790" lon="-92.172380" /><trkpt lat="38.850780" lon="-92.172340" /><trkpt lat="38.850800" lon="-92.172310" /><trkpt lat="38.850870" lon="-92.172250" /><trkpt lat="38.850880" lon="-92.172210" /><trkpt lat="38.850840" lon="-92.172170" /><trkpt lat="38.850810" lon="-92.172120" /><trkpt lat="38.850770" lon="-92.172080" /><trkpt lat="38.850750" lon="-92.172020" /><trkpt lat="38.850720" lon="-92.171940" /><trkpt lat="38.850680" lon="-92.171880" /><trkpt lat="38.850660" lon="-92.171850" /><trkpt lat="38.850630" lon="-92.171790" /><trkpt lat="38.850560" lon="-92.171710" /><trkpt lat="38.850500" lon="-92.171650" /><trkpt lat="38.850480" lon="-92.171610" /><trkpt lat="38.850450" lon="-92.171580" /><trkpt lat="38.850420" lon="-92.171520" /><trkpt lat="38.850420" lon="-92.171500" /><trkpt lat="38.850420" lon="-92.171420" /><trkpt lat="38.850450" lon="-92.171380" /><trkpt lat="38.850500" lon="-92.171350" /><trkpt lat="38.850520" lon="-92.171340" /><trkpt lat="38.850590" lon="-92.171340" /><trkpt lat="38.850720" lon="-92.171380" /><trkpt lat="38.850890" lon="-92.171400" /><trkpt lat="38.850980" lon="-92.171380" /><trkpt lat="38.851050" lon="-92.171370" /><trkpt lat="38.851090" lon="-92.171360" /><trkpt lat="38.851120" lon="-92.171350" /><trkpt lat="38.851140" lon="-92.171350" /><trkpt lat="38.851180" lon="-92.171330" /><trkpt lat="38.851230" lon="-92.171310" /><trkpt lat="38.851320" lon="-92.171290" /><trkpt lat="38.851360" lon="-92.171280" /><trkpt lat="38.851420" lon="-92.171260" /><trkpt lat="38.851460" lon="-92.171260" /><trkpt lat="38.851480" lon="-92.171270" /><trkpt lat="38.851580" lon="-92.171270" /><trkpt lat="38.851620" lon="-92.171300" /><trkpt lat="38.851650" lon="-92.171310" /><trkpt lat="38.851700" lon="-92.171290" /><trkpt lat="38.851760" lon="-92.171270" /><trkpt lat="38.851860" lon="-92.171200" /><trkpt lat="38.851940" lon="-92.171150" /><trkpt lat="38.852000" lon="-92.171120" /><trkpt lat="38.852030" lon="-92.171110" /><trkpt lat="38.852070" lon="-92.171100" /><trkpt lat="38.852120" lon="-92.171100" /><trkpt lat="38.852200" lon="-92.171130" /><trkpt lat="38.852270" lon="-92.171130" /><trkpt lat="38.852320" lon="-92.171120" /><trkpt lat="38.852370" lon="-92.171090" /><trkpt lat="38.852390" lon="-92.171060" /><trkpt lat="38.852410" lon="-92.171030" /><trkpt lat="38.852430" lon="-92.171010" /><trkpt lat="38.852470" lon="-92.170980" /><trkpt lat="38.852520" lon="-92.170960" /><trkpt lat="38.852560" lon="-92.170950" /><trkpt lat="38.852620" lon="-92.170920" /><trkpt lat="38.852660" lon="-92.170880" /><trkpt lat="38.852680" lon="-92.170860" /><trkpt lat="38.852740" lon="-92.170850" /><trkpt lat="38.852790" lon="-92.170840" /><trkpt lat="38.852840" lon="-92.170850" /><trkpt lat="38.852920" lon="-92.170870" /><trkpt lat="38.853040" lon="-92.170890" /><trkpt lat="38.853120" lon="-92.170890" /><trkpt lat="38.853160" lon="-92.170880" /><trkpt lat="38.853210" lon="-92.170890" /><trkpt lat="38.853240" lon="-92.170890" /><trkpt lat="38.853290" lon="-92.170880" /><trkpt lat="38.853430" lon="-92.170790" /><trkpt lat="38.853460" lon="-92.170770" /><trkpt lat="38.853490" lon="-92.170730" /><trkpt lat="38.853510" lon="-92.170690" /><trkpt lat="38.853520" lon="-92.170660" /><trkpt lat="38.853510" lon="-92.170620" /><trkpt lat="38.853500" lon="-92.170580" /><trkpt lat="38.853490" lon="-92.170560" /><trkpt lat="38.853480" lon="-92.170530" /><trkpt lat="38.853470" lon="-92.170500" /><trkpt lat="38.853470" lon="-92.170500" /><trkpt lat="38.853450" lon="-92.170450" /><trkpt lat="38.853440" lon="-92.170400" /><trkpt lat="38.853430" lon="-92.170330" /><trkpt lat="38.853430" lon="-92.170310" /><trkpt lat="38.853450" lon="-92.170280" /><trkpt lat="38.853450" lon="-92.170250" /><trkpt lat="38.853470" lon="-92.170220" /><trkpt lat="38.853490" lon="-92.170130" /><trkpt lat="38.853470" lon="-92.170080" /><trkpt lat="38.853460" lon="-92.170010" /><trkpt lat="38.853410" lon="-92.169760" /><trkpt lat="38.853390" lon="-92.169690" /><trkpt lat="38.853370" lon="-92.169630" /><trkpt lat="38.853370" lon="-92.169620" /><trkpt lat="38.853370" lon="-92.169600" /><trkpt lat="38.853350" lon="-92.169530" /><trkpt lat="38.853340" lon="-92.169480" /><trkpt lat="38.853330" lon="-92.169440" /><trkpt lat="38.853330" lon="-92.169420" /><trkpt lat="38.853320" lon="-92.169400" /><trkpt lat="38.853320" lon="-92.169370" /><trkpt lat="38.853320" lon="-92.169330" /><trkpt lat="38.853330" lon="-92.169320" /><trkpt lat="38.853360" lon="-92.169310" /><trkpt lat="38.853380" lon="-92.169310" /><trkpt lat="38.853390" lon="-92.169290" /><trkpt lat="38.853410" lon="-92.169250" /><trkpt lat="38.853410" lon="-92.169190" /><trkpt lat="38.853430" lon="-92.169070" /><trkpt lat="38.853430" lon="-92.169020" /><trkpt lat="38.853450" lon="-92.168900" /><trkpt lat="38.853480" lon="-92.168820" /><trkpt lat="38.853480" lon="-92.168780" /><trkpt lat="38.853490" lon="-92.168730" /><trkpt lat="38.853490" lon="-92.168650" /><trkpt lat="38.853470" lon="-92.168560" /><trkpt lat="38.853470" lon="-92.168490" /><trkpt lat="38.853490" lon="-92.168440" /><trkpt lat="38.853520" lon="-92.168400" /><trkpt lat="38.853540" lon="-92.168380" /><trkpt lat="38.853560" lon="-92.168360" /><trkpt lat="38.853580" lon="-92.168340" /><trkpt lat="38.853620" lon="-92.168300" /><trkpt lat="38.853660" lon="-92.168260" /><trkpt lat="38.853690" lon="-92.168220" /><trkpt lat="38.853710" lon="-92.168170" /><trkpt lat="38.853720" lon="-92.168140" /><trkpt lat="38.853730" lon="-92.168100" /><trkpt lat="38.853770" lon="-92.168040" /><trkpt lat="38.853770" lon="-92.167920" /><trkpt lat="38.853780" lon="-92.167790" /><trkpt lat="38.853830" lon="-92.167690" /><trkpt lat="38.853840" lon="-92.167690" /><trkpt lat="38.853950" lon="-92.167720" /><trkpt lat="38.854010" lon="-92.167750" /><trkpt lat="38.854090" lon="-92.167820" /><trkpt lat="38.854120" lon="-92.167870" /><trkpt lat="38.854180" lon="-92.168000" /><trkpt lat="38.854240" lon="-92.168080" /><trkpt lat="38.854330" lon="-92.168160" /><trkpt lat="38.854540" lon="-92.168290" /><trkpt lat="38.854720" lon="-92.168390" /><trkpt lat="38.854850" lon="-92.168460" /><trkpt lat="38.854900" lon="-92.168510" /><trkpt lat="38.854950" lon="-92.168560" /><trkpt lat="38.854990" lon="-92.168590" /><trkpt lat="38.855010" lon="-92.168630" /><trkpt lat="38.855040" lon="-92.168700" /><trkpt lat="38.855060" lon="-92.168780" /><trkpt lat="38.855060" lon="-92.168940" /><trkpt lat="38.855060" lon="-92.168970" /><trkpt lat="38.855080" lon="-92.169100" /><trkpt lat="38.855100" lon="-92.169150" /><trkpt lat="38.855120" lon="-92.169210" /><trkpt lat="38.855150" lon="-92.169250" /><trkpt lat="38.855210" lon="-92.169290" /><trkpt lat="38.855250" lon="-92.169320" /><trkpt lat="38.855280" lon="-92.169330" /><trkpt lat="38.855300" lon="-92.169340" /><trkpt lat="38.855330" lon="-92.169360" /><trkpt lat="38.855390" lon="-92.169390" /><trkpt lat="38.855470" lon="-92.169440" /><trkpt lat="38.855580" lon="-92.169530" /><trkpt lat="38.855690" lon="-92.169590" /><trkpt lat="38.855770" lon="-92.169610" /><trkpt lat="38.855810" lon="-92.169590" /><trkpt lat="38.855850" lon="-92.169560" /><trkpt lat="38.855890" lon="-92.169490" /><trkpt lat="38.855960" lon="-92.169380" /><trkpt lat="38.856010" lon="-92.169310" /><trkpt lat="38.856030" lon="-92.169290" /><trkpt lat="38.856050" lon="-92.169270" /><trkpt lat="38.856080" lon="-92.169230" /><trkpt lat="38.856130" lon="-92.169160" /><trkpt lat="38.856150" lon="-92.169080" /><trkpt lat="38.856150" lon="-92.169010" /><trkpt lat="38.856130" lon="-92.168870" /><trkpt lat="38.856120" lon="-92.168770" /><trkpt lat="38.856110" lon="-92.168700" /><trkpt lat="38.856090" lon="-92.168630" /><trkpt lat="38.856080" lon="-92.168580" /><trkpt lat="38.856080" lon="-92.168550" /><trkpt lat="38.856100" lon="-92.168510" /><trkpt lat="38.856130" lon="-92.168450" /><trkpt lat="38.856160" lon="-92.168410" /><trkpt lat="38.856190" lon="-92.168380" /><trkpt lat="38.856240" lon="-92.168350" /><trkpt lat="38.856270" lon="-92.168330" /><trkpt lat="38.856290" lon="-92.168300" /><trkpt lat="38.856310" lon="-92.168270" /><trkpt lat="38.856330" lon="-92.168210" /><trkpt lat="38.856330" lon="-92.168170" /><trkpt lat="38.856340" lon="-92.168130" /><trkpt lat="38.856340" lon="-92.167830" /><trkpt lat="38.856330" lon="-92.167800" /><trkpt lat="38.856330" lon="-92.167610" /><trkpt lat="38.856340" lon="-92.167580" /><trkpt lat="38.856330" lon="-92.167550" /><trkpt lat="38.856340" lon="-92.167480" /><trkpt lat="38.856360" lon="-92.167430" /><trkpt lat="38.856380" lon="-92.167380" /><trkpt lat="38.856420" lon="-92.167320" /><trkpt lat="38.856450" lon="-92.167270" /><trkpt lat="38.856490" lon="-92.167210" /><trkpt lat="38.856560" lon="-92.167100" /><trkpt lat="38.856660" lon="-92.166950" /><trkpt lat="38.856740" lon="-92.166860" /><trkpt lat="38.856790" lon="-92.166800" /><trkpt lat="38.856880" lon="-92.166630" /><trkpt lat="38.856940" lon="-92.166490" /><trkpt lat="38.856980" lon="-92.166390" /><trkpt lat="38.857030" lon="-92.166280" /><trkpt lat="38.857090" lon="-92.166160" /><trkpt lat="38.857160" lon="-92.166010" /><trkpt lat="38.857240" lon="-92.165890" /><trkpt lat="38.857280" lon="-92.165820" /><trkpt lat="38.857300" lon="-92.165750" /><trkpt lat="38.857320" lon="-92.165650" /><trkpt lat="38.857360" lon="-92.165560" /><trkpt lat="38.857380" lon="-92.165520" /><trkpt lat="38.857420" lon="-92.165470" /><trkpt lat="38.857460" lon="-92.165460" /><trkpt lat="38.857490" lon="-92.165440" /><trkpt lat="38.857530" lon="-92.165440" /><trkpt lat="38.857600" lon="-92.165440" /><trkpt lat="38.857700" lon="-92.165440" /><trkpt lat="38.857730" lon="-92.165430" /><trkpt lat="38.857780" lon="-92.165430" /><trkpt lat="38.857840" lon="-92.165450" /><trkpt lat="38.857900" lon="-92.165460" /><trkpt lat="38.858000" lon="-92.165460" /><trkpt lat="38.858020" lon="-92.165450" /><trkpt lat="38.858050" lon="-92.165450" /><trkpt lat="38.858090" lon="-92.165440" /><trkpt lat="38.858150" lon="-92.165450" /><trkpt lat="38.858200" lon="-92.165480" /><trkpt lat="38.858260" lon="-92.165470" /><trkpt lat="38.858330" lon="-92.165450" /><trkpt lat="38.858390" lon="-92.165450" /><trkpt lat="38.858420" lon="-92.165460" /><trkpt lat="38.858480" lon="-92.165460" /><trkpt lat="38.858550" lon="-92.165460" /><trkpt lat="38.858600" lon="-92.165480" /><trkpt lat="38.858640" lon="-92.165530" /><trkpt lat="38.858690" lon="-92.165610" /><trkpt lat="38.858730" lon="-92.165650" /><trkpt lat="38.858810" lon="-92.165710" /><trkpt lat="38.858880" lon="-92.165750" /><trkpt lat="38.858920" lon="-92.165780" /><trkpt lat="38.858950" lon="-92.165830" /><trkpt lat="38.859030" lon="-92.165870" /><trkpt lat="38.859080" lon="-92.165940" /><trkpt lat="38.859120" lon="-92.166000" /><trkpt lat="38.859160" lon="-92.166070" /><trkpt lat="38.859200" lon="-92.166120" /><trkpt lat="38.859260" lon="-92.166190" /><trkpt lat="38.859300" lon="-92.166240" /><trkpt lat="38.859320" lon="-92.166290" /><trkpt lat="38.859350" lon="-92.166320" /><trkpt lat="38.859370" lon="-92.166350" /><trkpt lat="38.859370" lon="-92.166410" /><trkpt lat="38.859350" lon="-92.166460" /><trkpt lat="38.859350" lon="-92.166520" /><trkpt lat="38.859340" lon="-92.166580" /><trkpt lat="38.859340" lon="-92.166640" /><trkpt lat="38.859360" lon="-92.166700" /><trkpt lat="38.859390" lon="-92.166730" /><trkpt lat="38.859440" lon="-92.166740" /><trkpt lat="38.859490" lon="-92.166730" /><trkpt lat="38.859510" lon="-92.166730" /><trkpt lat="38.859520" lon="-92.166720" /><trkpt lat="38.859550" lon="-92.166710" /><trkpt lat="38.859580" lon="-92.166730" /><trkpt lat="38.859600" lon="-92.166760" /><trkpt lat="38.859610" lon="-92.166790" /><trkpt lat="38.859620" lon="-92.166830" /><trkpt lat="38.859640" lon="-92.166870" /><trkpt lat="38.859700" lon="-92.166920" /><trkpt lat="38.859740" lon="-92.166950" /><trkpt lat="38.859840" lon="-92.166970" /><trkpt lat="38.859920" lon="-92.166960" /><trkpt lat="38.859970" lon="-92.166950" /><trkpt lat="38.860010" lon="-92.166940" /><trkpt lat="38.860070" lon="-92.166950" /><trkpt lat="38.860160" lon="-92.166980" /><trkpt lat="38.860230" lon="-92.167030" /><trkpt lat="38.860330" lon="-92.167070" /><trkpt lat="38.860360" lon="-92.167080" /><trkpt lat="38.860390" lon="-92.167090" /><trkpt lat="38.860420" lon="-92.167100" /><trkpt lat="38.860420" lon="-92.167100" /><trkpt lat="38.860440" lon="-92.167120" /><trkpt lat="38.860470" lon="-92.167130" /><trkpt lat="38.860530" lon="-92.167160" /><trkpt lat="38.860620" lon="-92.167190" /><trkpt lat="38.860800" lon="-92.167090" /><trkpt lat="38.861230" lon="-92.167040" /><trkpt lat="38.861290" lon="-92.167030" /><trkpt lat="38.861290" lon="-92.167030" /><trkpt lat="38.861230" lon="-92.167040" /><trkpt lat="38.860800" lon="-92.167090" /><trkpt lat="38.860620" lon="-92.167190" /><trkpt lat="38.860530" lon="-92.167160" /><trkpt lat="38.860470" lon="-92.167130" /><trkpt lat="38.860440" lon="-92.167120" /><trkpt lat="38.860420" lon="-92.167100" /><trkpt lat="38.860420" lon="-92.167100" /><trkpt lat="38.860390" lon="-92.167090" /><trkpt lat="38.860360" lon="-92.167080" /><trkpt lat="38.860330" lon="-92.167070" /><trkpt lat="38.860230" lon="-92.167030" /><trkpt lat="38.860160" lon="-92.166980" /><trkpt lat="38.860070" lon="-92.166950" /><trkpt lat="38.860010" lon="-92.166940" /><trkpt lat="38.859970" lon="-92.166950" /><trkpt lat="38.859920" lon="-92.166960" /><trkpt lat="38.859840" lon="-92.166970" /><trkpt lat="38.859740" lon="-92.166950" /><trkpt lat="38.859700" lon="-92.166920" /><trkpt lat="38.859640" lon="-92.166870" /><trkpt lat="38.859620" lon="-92.166830" /><trkpt lat="38.859610" lon="-92.166790" /><trkpt lat="38.859600" lon="-92.166760" /><trkpt lat="38.859580" lon="-92.166730" /><trkpt lat="38.859550" lon="-92.166710" /><trkpt lat="38.859520" lon="-92.166720" /><trkpt lat="38.859510" lon="-92.166730" /><trkpt lat="38.859490" lon="-92.166730" /><trkpt lat="38.859440" lon="-92.166740" /><trkpt lat="38.859390" lon="-92.166730" /><trkpt lat="38.859360" lon="-92.166700" /><trkpt lat="38.859340" lon="-92.166640" /><trkpt lat="38.859340" lon="-92.166580" /><trkpt lat="38.859350" lon="-92.166520" /><trkpt lat="38.859350" lon="-92.166460" /><trkpt lat="38.859370" lon="-92.166410" /><trkpt lat="38.859370" lon="-92.166350" /><trkpt lat="38.859350" lon="-92.166320" /><trkpt lat="38.859320" lon="-92.166290" /><trkpt lat="38.859300" lon="-92.166240" /><trkpt lat="38.859260" lon="-92.166190" /><trkpt lat="38.859200" lon="-92.166120" /><trkpt lat="38.859160" lon="-92.166070" /><trkpt lat="38.859120" lon="-92.166000" /><trkpt lat="38.859080" lon="-92.165940" /><trkpt lat="38.859030" lon="-92.165870" /><trkpt lat="38.858950" lon="-92.165830" /><trkpt lat="38.858920" lon="-92.165780" /><trkpt lat="38.858880" lon="-92.165750" /><trkpt lat="38.858810" lon="-92.165710" /><trkpt lat="38.858730" lon="-92.165650" /><trkpt lat="38.858690" lon="-92.165610" /><trkpt lat="38.858640" lon="-92.165530" /><trkpt lat="38.858600" lon="-92.165480" /><trkpt lat="38.858550" lon="-92.165460" /><trkpt lat="38.858480" lon="-92.165460" /><trkpt lat="38.858420" lon="-92.165460" /><trkpt lat="38.858390" lon="-92.165450" /><trkpt lat="38.858330" lon="-92.165450" /><trkpt lat="38.858260" lon="-92.165470" /><trkpt lat="38.858200" lon="-92.165480" /><trkpt lat="38.858150" lon="-92.165450" /><trkpt lat="38.858090" lon="-92.165440" /><trkpt lat="38.858050" lon="-92.165450" /><trkpt lat="38.858020" lon="-92.165450" /><trkpt lat="38.858000" lon="-92.165460" /><trkpt lat="38.857900" lon="-92.165460" /><trkpt lat="38.857840" lon="-92.165450" /><trkpt lat="38.857780" lon="-92.165430" /><trkpt lat="38.857730" lon="-92.165430" /><trkpt lat="38.857700" lon="-92.165440" /><trkpt lat="38.857600" lon="-92.165440" /><trkpt lat="38.857530" lon="-92.165440" /><trkpt lat="38.857490" lon="-92.165440" /><trkpt lat="38.857460" lon="-92.165460" /><trkpt lat="38.857420" lon="-92.165470" /><trkpt lat="38.857380" lon="-92.165520" /><trkpt lat="38.857360" lon="-92.165560" /><trkpt lat="38.857320" lon="-92.165650" /><trkpt lat="38.857300" lon="-92.165750" /><trkpt lat="38.857280" lon="-92.165820" /><trkpt lat="38.857240" lon="-92.165890" /><trkpt lat="38.857160" lon="-92.166010" /><trkpt lat="38.857090" lon="-92.166160" /><trkpt lat="38.857030" lon="-92.166280" /><trkpt lat="38.856980" lon="-92.166390" /><trkpt lat="38.856940" lon="-92.166490" /><trkpt lat="38.856880" lon="-92.166630" /><trkpt lat="38.856790" lon="-92.166800" /><trkpt lat="38.856740" lon="-92.166860" /><trkpt lat="38.856660" lon="-92.166950" /><trkpt lat="38.856560" lon="-92.167100" /><trkpt lat="38.856490" lon="-92.167210" /><trkpt lat="38.856450" lon="-92.167270" /><trkpt lat="38.856420" lon="-92.167320" /><trkpt lat="38.856380" lon="-92.167380" /><trkpt lat="38.856360" lon="-92.167430" /><trkpt lat="38.856340" lon="-92.167480" /><trkpt lat="38.856330" lon="-92.167550" /><trkpt lat="38.856340" lon="-92.167580" /><trkpt lat="38.856330" lon="-92.167610" /><trkpt lat="38.856330" lon="-92.167800" /><trkpt lat="38.856340" lon="-92.167830" /><trkpt lat="38.856340" lon="-92.168130" /><trkpt lat="38.856330" lon="-92.168170" /><trkpt lat="38.856330" lon="-92.168210" /><trkpt lat="38.856310" lon="-92.168270" /><trkpt lat="38.856290" lon="-92.168300" /><trkpt lat="38.856270" lon="-92.168330" /><trkpt lat="38.856240" lon="-92.168350" /><trkpt lat="38.856190" lon="-92.168380" /><trkpt lat="38.856160" lon="-92.168410" /><trkpt lat="38.856130" lon="-92.168450" /><trkpt lat="38.856100" lon="-92.168510" /><trkpt lat="38.856080" lon="-92.168550" /><trkpt lat="38.856080" lon="-92.168580" /><trkpt lat="38.856090" lon="-92.168630" /><trkpt lat="38.856110" lon="-92.168700" /><trkpt lat="38.856120" lon="-92.168770" /><trkpt lat="38.856130" lon="-92.168870" /><trkpt lat="38.856150" lon="-92.169010" /><trkpt lat="38.856150" lon="-92.169080" /><trkpt lat="38.856130" lon="-92.169160" /><trkpt lat="38.856080" lon="-92.169230" /><trkpt lat="38.856050" lon="-92.169270" /><trkpt lat="38.856030" lon="-92.169290" /><trkpt lat="38.856010" lon="-92.169310" /><trkpt lat="38.855960" lon="-92.169380" /><trkpt lat="38.855890" lon="-92.169490" /><trkpt lat="38.855850" lon="-92.169560" /><trkpt lat="38.855810" lon="-92.169590" /><trkpt lat="38.855770" lon="-92.169610" /><trkpt lat="38.855690" lon="-92.169590" /><trkpt lat="38.855580" lon="-92.169530" /><trkpt lat="38.855470" lon="-92.169440" /><trkpt lat="38.855390" lon="-92.169390" /><trkpt lat="38.855330" lon="-92.169360" /><trkpt lat="38.855300" lon="-92.169340" /><trkpt lat="38.855280" lon="-92.169330" /><trkpt lat="38.855250" lon="-92.169320" /><trkpt lat="38.855210" lon="-92.169290" /><trkpt lat="38.855150" lon="-92.169250" /><trkpt lat="38.855120" lon="-92.169210" /><trkpt lat="38.855100" lon="-92.169150" /><trkpt lat="38.855080" lon="-92.169100" /><trkpt lat="38.855060" lon="-92.168970" /><trkpt lat="38.855060" lon="-92.168940" /><trkpt lat="38.855060" lon="-92.168780" /><trkpt lat="38.855040" lon="-92.168700" /><trkpt lat="38.855010" lon="-92.168630" /><trkpt lat="38.854990" lon="-92.168590" /><trkpt lat="38.854950" lon="-92.168560" /><trkpt lat="38.854900" lon="-92.168510" /><trkpt lat="38.854850" lon="-92.168460" /><trkpt lat="38.854720" lon="-92.168390" /><trkpt lat="38.854540" lon="-92.168290" /><trkpt lat="38.854330" lon="-92.168160" /><trkpt lat="38.854240" lon="-92.168080" /><trkpt lat="38.854180" lon="-92.168000" /><trkpt lat="38.854120" lon="-92.167870" /><trkpt lat="38.854090" lon="-92.167820" /><trkpt lat="38.854010" lon="-92.167750" /><trkpt lat="38.853950" lon="-92.167720" /><trkpt lat="38.853840" lon="-92.167690" /><trkpt lat="38.853830" lon="-92.167690" /><trkpt lat="38.853810" lon="-92.167680" /><trkpt lat="38.853780" lon="-92.167670" /><trkpt lat="38.853710" lon="-92.167620" /><trkpt lat="38.853680" lon="-92.167590" /><trkpt lat="38.853640" lon="-92.167570" /><trkpt lat="38.853540" lon="-92.167530" /><trkpt lat="38.853350" lon="-92.167470" /><trkpt lat="38.853260" lon="-92.167420" /><trkpt lat="38.853180" lon="-92.167360" /><trkpt lat="38.853140" lon="-92.167310" /><trkpt lat="38.853100" lon="-92.167250" /><trkpt lat="38.853070" lon="-92.167200" /><trkpt lat="38.853040" lon="-92.167140" /><trkpt lat="38.853020" lon="-92.167100" /><trkpt lat="38.853000" lon="-92.167060" /><trkpt lat="38.853000" lon="-92.166970" /><trkpt lat="38.852990" lon="-92.166940" /><trkpt lat="38.852900" lon="-92.166840" /><trkpt lat="38.852840" lon="-92.166680" /><trkpt lat="38.852810" lon="-92.166640" /><trkpt lat="38.852770" lon="-92.166580" /><trkpt lat="38.852690" lon="-92.166510" /><trkpt lat="38.852620" lon="-92.166440" /><trkpt lat="38.852560" lon="-92.166380" /><trkpt lat="38.852510" lon="-92.166340" /><trkpt lat="38.852480" lon="-92.166300" /><trkpt lat="38.852460" lon="-92.166280" /><trkpt lat="38.852430" lon="-92.166270" /><trkpt lat="38.852370" lon="-92.166220" /><trkpt lat="38.852270" lon="-92.166200" /><trkpt lat="38.852230" lon="-92.166190" /><trkpt lat="38.852210" lon="-92.166180" /><trkpt lat="38.852150" lon="-92.166180" /><trkpt lat="38.852110" lon="-92.166190" /><trkpt lat="38.851950" lon="-92.166190" /><trkpt lat="38.851920" lon="-92.166170" /><trkpt lat="38.851870" lon="-92.166170" /><trkpt lat="38.851850" lon="-92.166150" /><trkpt lat="38.851810" lon="-92.166150" /><trkpt lat="38.851720" lon="-92.166130" /><trkpt lat="38.851660" lon="-92.166110" /><trkpt lat="38.851620" lon="-92.166100" /><trkpt lat="38.851590" lon="-92.166090" /><trkpt lat="38.851560" lon="-92.166090" /><trkpt lat="38.851500" lon="-92.166080" /><trkpt lat="38.851350" lon="-92.166010" /><trkpt lat="38.851260" lon="-92.166000" /><trkpt lat="38.851220" lon="-92.166000" /><trkpt lat="38.851140" lon="-92.166030" /><trkpt lat="38.851030" lon="-92.166050" /><trkpt lat="38.850910" lon="-92.166130" /><trkpt lat="38.850820" lon="-92.166180" /><trkpt lat="38.850790" lon="-92.166200" /><trkpt lat="38.850760" lon="-92.166210" /><trkpt lat="38.850730" lon="-92.166220" /><trkpt lat="38.850690" lon="-92.166210" /><trkpt lat="38.850620" lon="-92.166190" /><trkpt lat="38.850530" lon="-92.166180" /><trkpt lat="38.850440" lon="-92.166150" /><trkpt lat="38.850390" lon="-92.166150" /><trkpt lat="38.850350" lon="-92.166140" /><trkpt lat="38.850310" lon="-92.166120" /><trkpt lat="38.850230" lon="-92.166080" /><trkpt lat="38.850190" lon="-92.166060" /><trkpt lat="38.850060" lon="-92.166050" /><trkpt lat="38.850010" lon="-92.166040" /><trkpt lat="38.849960" lon="-92.166020" /><trkpt lat="38.849910" lon="-92.166000" /><trkpt lat="38.849870" lon="-92.165970" /><trkpt lat="38.849840" lon="-92.165960" /><trkpt lat="38.849820" lon="-92.165950" /><trkpt lat="38.849800" lon="-92.165920" /><trkpt lat="38.849780" lon="-92.165890" /><trkpt lat="38.849790" lon="-92.165840" /><trkpt lat="38.849810" lon="-92.165740" /><trkpt lat="38.849810" lon="-92.165720" /><trkpt lat="38.849790" lon="-92.165680" /><trkpt lat="38.849770" lon="-92.165650" /><trkpt lat="38.849730" lon="-92.165620" /><trkpt lat="38.849650" lon="-92.165600" /><trkpt lat="38.849610" lon="-92.165570" /><trkpt lat="38.849550" lon="-92.165480" /><trkpt lat="38.849530" lon="-92.165420" /><trkpt lat="38.849470" lon="-92.165330" /><trkpt lat="38.849430" lon="-92.165250" /><trkpt lat="38.849400" lon="-92.165220" /><trkpt lat="38.849370" lon="-92.165200" /><trkpt lat="38.849330" lon="-92.165180" /><trkpt lat="38.849280" lon="-92.165150" /><trkpt lat="38.849210" lon="-92.165110" /><trkpt lat="38.849170" lon="-92.165080" /><trkpt lat="38.849130" lon="-92.165020" /><trkpt lat="38.849090" lon="-92.164940" /><trkpt lat="38.849050" lon="-92.164880" /><trkpt lat="38.849000" lon="-92.164840" /><trkpt lat="38.848930" lon="-92.164800" /><trkpt lat="38.848800" lon="-92.164710" /><trkpt lat="38.848750" lon="-92.164710" /><trkpt lat="38.848670" lon="-92.164680" /><trkpt lat="38.848610" lon="-92.164650" /><trkpt lat="38.848570" lon="-92.164640" /><trkpt lat="38.848520" lon="-92.164630" /><trkpt lat="38.848470" lon="-92.164610" /><trkpt lat="38.848350" lon="-92.164600" /><trkpt lat="38.848270" lon="-92.164610" /><trkpt lat="38.848160" lon="-92.164610" /><trkpt lat="38.848140" lon="-92.164600" /><trkpt lat="38.848080" lon="-92.164590" /><trkpt lat="38.848020" lon="-92.164570" /><trkpt lat="38.847930" lon="-92.164560" /><trkpt lat="38.847860" lon="-92.164530" /><trkpt lat="38.847840" lon="-92.164540" /><trkpt lat="38.847780" lon="-92.164530" /><trkpt lat="38.847720" lon="-92.164520" /><trkpt lat="38.847650" lon="-92.164510" /><trkpt lat="38.847560" lon="-92.164490" /><trkpt lat="38.847440" lon="-92.164470" /><trkpt lat="38.847370" lon="-92.164460" /><trkpt lat="38.847270" lon="-92.164460" /><trkpt lat="38.847120" lon="-92.164520" /><trkpt lat="38.847050" lon="-92.164580" /><trkpt lat="38.847020" lon="-92.164590" /><trkpt lat="38.846920" lon="-92.164590" /><trkpt lat="38.846850" lon="-92.164580" /><trkpt lat="38.846800" lon="-92.164580" /><trkpt lat="38.846740" lon="-92.164570" /><trkpt lat="38.846670" lon="-92.164570" /><trkpt lat="38.846570" lon="-92.164550" /><trkpt lat="38.846450" lon="-92.164550" /><trkpt lat="38.846420" lon="-92.164540" /><trkpt lat="38.846340" lon="-92.164540" /><trkpt lat="38.846210" lon="-92.164550" /><trkpt lat="38.846120" lon="-92.164540" /><trkpt lat="38.846080" lon="-92.164520" /><trkpt lat="38.846050" lon="-92.164470" /><trkpt lat="38.846020" lon="-92.164420" /><trkpt lat="38.846000" lon="-92.164370" /><trkpt lat="38.845990" lon="-92.164340" /><trkpt lat="38.845980" lon="-92.164310" /><trkpt lat="38.845960" lon="-92.164280" /><trkpt lat="38.845960" lon="-92.164210" /><trkpt lat="38.845990" lon="-92.164150" /><trkpt lat="38.846010" lon="-92.164040" /><trkpt lat="38.846010" lon="-92.163920" /><trkpt lat="38.846000" lon="-92.163900" /><trkpt lat="38.846000" lon="-92.163870" /><trkpt lat="38.845990" lon="-92.163850" /><trkpt lat="38.845990" lon="-92.163830" /><trkpt lat="38.845980" lon="-92.163800" /><trkpt lat="38.845950" lon="-92.163750" /><trkpt lat="38.845920" lon="-92.163660" /><trkpt lat="38.845900" lon="-92.163550" /><trkpt lat="38.845880" lon="-92.163520" /><trkpt lat="38.845870" lon="-92.163490" /><trkpt lat="38.845820" lon="-92.163390" /><trkpt lat="38.845800" lon="-92.163360" /><trkpt lat="38.845770" lon="-92.163330" /><trkpt lat="38.845750" lon="-92.163290" /><trkpt lat="38.845720" lon="-92.163190" /><trkpt lat="38.845700" lon="-92.163150" /><trkpt lat="38.845700" lon="-92.163140" /><trkpt lat="38.845660" lon="-92.163090" /><trkpt lat="38.845630" lon="-92.163080" /><trkpt lat="38.845610" lon="-92.163060" /><trkpt lat="38.845560" lon="-92.163040" /><trkpt lat="38.845550" lon="-92.163040" /><trkpt lat="38.845530" lon="-92.163030" /><trkpt lat="38.845480" lon="-92.163000" /><trkpt lat="38.845440" lon="-92.162980" /><trkpt lat="38.845410" lon="-92.162980" /><trkpt lat="38.845290" lon="-92.162940" /><trkpt lat="38.845160" lon="-92.162940" /><trkpt lat="38.845100" lon="-92.162950" /><trkpt lat="38.845050" lon="-92.162950" /><trkpt lat="38.845010" lon="-92.162950" /><trkpt lat="38.845000" lon="-92.162950" /><trkpt lat="38.845000" lon="-92.162950" /><trkpt lat="38.844980" lon="-92.162950" /><trkpt lat="38.844960" lon="-92.162950" /><trkpt lat="38.844940" lon="-92.162950" /><trkpt lat="38.844880" lon="-92.162960" /><trkpt lat="38.844780" lon="-92.162980" /><trkpt lat="38.844740" lon="-92.162980" /><trkpt lat="38.844660" lon="-92.162980" /><trkpt lat="38.844530" lon="-92.162950" /><trkpt lat="38.844430" lon="-92.162950" /><trkpt lat="38.844390" lon="-92.162960" /><trkpt lat="38.844320" lon="-92.163010" /><trkpt lat="38.844280" lon="-92.163060" /><trkpt lat="38.844230" lon="-92.163150" /><trkpt lat="38.844210" lon="-92.163190" /><trkpt lat="38.844200" lon="-92.163220" /><trkpt lat="38.844180" lon="-92.163280" /><trkpt lat="38.844160" lon="-92.163360" /><trkpt lat="38.844140" lon="-92.163450" /><trkpt lat="38.844110" lon="-92.163560" /><trkpt lat="38.844080" lon="-92.163630" /><trkpt lat="38.844050" lon="-92.163690" /><trkpt lat="38.844030" lon="-92.163760" /><trkpt lat="38.844000" lon="-92.163830" /><trkpt lat="38.843970" lon="-92.163870" /><trkpt lat="38.843940" lon="-92.163880" /><trkpt lat="38.843920" lon="-92.163870" /><trkpt lat="38.843910" lon="-92.163830" /><trkpt lat="38.843920" lon="-92.163800" /><trkpt lat="38.843910" lon="-92.163760" /><trkpt lat="38.843910" lon="-92.163720" /><trkpt lat="38.843900" lon="-92.163700" /><trkpt lat="38.843870" lon="-92.163640" /><trkpt lat="38.843830" lon="-92.163600" /><trkpt lat="38.843800" lon="-92.163550" /><trkpt lat="38.843710" lon="-92.163500" /><trkpt lat="38.843570" lon="-92.163410" /><trkpt lat="38.843510" lon="-92.163370" /><trkpt lat="38.843420" lon="-92.163290" /><trkpt lat="38.843370" lon="-92.163230" /><trkpt lat="38.843270" lon="-92.163130" /><trkpt lat="38.843170" lon="-92.163050" /><trkpt lat="38.843150" lon="-92.163010" /><trkpt lat="38.843160" lon="-92.162980" /><trkpt lat="38.843180" lon="-92.162950" /><trkpt lat="38.843200" lon="-92.162940" /><trkpt lat="38.843210" lon="-92.162930" /><trkpt lat="38.843230" lon="-92.162920" /><trkpt lat="38.843260" lon="-92.162910" /><trkpt lat="38.843310" lon="-92.162880" /><trkpt lat="38.843400" lon="-92.162850" /><trkpt lat="38.843630" lon="-92.162800" /><trkpt lat="38.843750" lon="-92.162740" /><trkpt lat="38.843830" lon="-92.162720" /><trkpt lat="38.843850" lon="-92.162710" /><trkpt lat="38.843870" lon="-92.162690" /><trkpt lat="38.843880" lon="-92.162640" /><trkpt lat="38.843880" lon="-92.162620" /><trkpt lat="38.843850" lon="-92.162540" /><trkpt lat="38.843830" lon="-92.162480" /><trkpt lat="38.843820" lon="-92.162460" /><trkpt lat="38.843820" lon="-92.162450" /><trkpt lat="38.843750" lon="-92.162330" /><trkpt lat="38.843690" lon="-92.162190" /><trkpt lat="38.843620" lon="-92.162040" /><trkpt lat="38.843580" lon="-92.161970" /><trkpt lat="38.843570" lon="-92.161950" /><trkpt lat="38.843550" lon="-92.161920" /><trkpt lat="38.843520" lon="-92.161880" /><trkpt lat="38.843500" lon="-92.161820" /><trkpt lat="38.843500" lon="-92.161780" /><trkpt lat="38.843510" lon="-92.161750" /><trkpt lat="38.843530" lon="-92.161730" /><trkpt lat="38.843560" lon="-92.161700" /><trkpt lat="38.843600" lon="-92.161690" /><trkpt lat="38.843670" lon="-92.161690" /><trkpt lat="38.843720" lon="-92.161680" /><trkpt lat="38.843750" lon="-92.161680" /><trkpt lat="38.843760" lon="-92.161680" /><trkpt lat="38.843790" lon="-92.161680" /><trkpt lat="38.843810" lon="-92.161680" /><trkpt lat="38.843830" lon="-92.161670" /><trkpt lat="38.843860" lon="-92.161670" /><trkpt lat="38.843910" lon="-92.161650" /><trkpt lat="38.843990" lon="-92.161610" /><trkpt lat="38.844100" lon="-92.161530" /><trkpt lat="38.844190" lon="-92.161470" /><trkpt lat="38.844220" lon="-92.161460" /><trkpt lat="38.844250" lon="-92.161440" /><trkpt lat="38.844250" lon="-92.161420" /><trkpt lat="38.844260" lon="-92.161410" /><trkpt lat="38.844250" lon="-92.161360" /><trkpt lat="38.844220" lon="-92.161320" /><trkpt lat="38.844220" lon="-92.161250" /><trkpt lat="38.844230" lon="-92.161200" /><trkpt lat="38.844270" lon="-92.161120" /><trkpt lat="38.844300" lon="-92.161070" /><trkpt lat="38.844310" lon="-92.161060" /><trkpt lat="38.844320" lon="-92.161050" /><trkpt lat="38.844320" lon="-92.161050" /><trkpt lat="38.844330" lon="-92.161030" /><trkpt lat="38.844330" lon="-92.161010" /><trkpt lat="38.844350" lon="-92.161000" /><trkpt lat="38.844360" lon="-92.160980" /><trkpt lat="38.844400" lon="-92.160930" /><trkpt lat="38.844450" lon="-92.160880" /><trkpt lat="38.844540" lon="-92.160840" /><trkpt lat="38.844580" lon="-92.160800" /><trkpt lat="38.844620" lon="-92.160750" /><trkpt lat="38.844630" lon="-92.160720" /><trkpt lat="38.844650" lon="-92.160680" /><trkpt lat="38.844650" lon="-92.160640" /><trkpt lat="38.844630" lon="-92.160570" /><trkpt lat="38.844640" lon="-92.160500" /><trkpt lat="38.844650" lon="-92.160470" /><trkpt lat="38.844660" lon="-92.160460" /><trkpt lat="38.844690" lon="-92.160440" /><trkpt lat="38.844740" lon="-92.160420" /><trkpt lat="38.844790" lon="-92.160420" /><trkpt lat="38.844840" lon="-92.160430" /><trkpt lat="38.844920" lon="-92.160430" /><trkpt lat="38.844920" lon="-92.160430" /><trkpt lat="38.844970" lon="-92.160430" /><trkpt lat="38.845000" lon="-92.160430" /><trkpt lat="38.845040" lon="-92.160420" /><trkpt lat="38.845090" lon="-92.160410" /><trkpt lat="38.845130" lon="-92.160360" /><trkpt lat="38.845140" lon="-92.160330" /><trkpt lat="38.845140" lon="-92.160300" /><trkpt lat="38.845100" lon="-92.160220" /><trkpt lat="38.845080" lon="-92.160180" /><trkpt lat="38.845040" lon="-92.160140" /><trkpt lat="38.845020" lon="-92.160120" /><trkpt lat="38.844950" lon="-92.160000" /><trkpt lat="38.844910" lon="-92.159940" /><trkpt lat="38.844860" lon="-92.159840" /><trkpt lat="38.844840" lon="-92.159770" /><trkpt lat="38.844800" lon="-92.159700" /><trkpt lat="38.844800" lon="-92.159690" /><trkpt lat="38.844780" lon="-92.159660" /><trkpt lat="38.844760" lon="-92.159630" /><trkpt lat="38.844730" lon="-92.159570" /><trkpt lat="38.844720" lon="-92.159530" /><trkpt lat="38.844710" lon="-92.159500" /><trkpt lat="38.844700" lon="-92.159460" /><trkpt lat="38.844700" lon="-92.159400" /><trkpt lat="38.844700" lon="-92.159360" /><trkpt lat="38.844700" lon="-92.159330" /><trkpt lat="38.844700" lon="-92.159300" /><trkpt lat="38.844700" lon="-92.159230" /><trkpt lat="38.844730" lon="-92.159160" /><trkpt lat="38.844730" lon="-92.159140" /><trkpt lat="38.844730" lon="-92.159100" /><trkpt lat="38.844720" lon="-92.159060" /><trkpt lat="38.844660" lon="-92.158990" /><trkpt lat="38.844640" lon="-92.158980" /><trkpt lat="38.844600" lon="-92.158960" /><trkpt lat="38.844580" lon="-92.158970" /><trkpt lat="38.844550" lon="-92.158990" /><trkpt lat="38.844460" lon="-92.159130" /><trkpt lat="38.844420" lon="-92.159170" /><trkpt lat="38.844420" lon="-92.159170" /><trkpt lat="38.844410" lon="-92.159170" /><trkpt lat="38.844380" lon="-92.159190" /><trkpt lat="38.844360" lon="-92.159200" /><trkpt lat="38.844340" lon="-92.159200" /><trkpt lat="38.844320" lon="-92.159200" /><trkpt lat="38.844310" lon="-92.159200" /><trkpt lat="38.844290" lon="-92.159190" /><trkpt lat="38.844240" lon="-92.159190" /><trkpt lat="38.844170" lon="-92.159170" /><trkpt lat="38.844070" lon="-92.159150" /><trkpt lat="38.843950" lon="-92.159130" /><trkpt lat="38.843880" lon="-92.159140" /><trkpt lat="38.843850" lon="-92.159160" /><trkpt lat="38.843820" lon="-92.159190" /><trkpt lat="38.843810" lon="-92.159220" /><trkpt lat="38.843810" lon="-92.159260" /><trkpt lat="38.843820" lon="-92.159320" /><trkpt lat="38.843840" lon="-92.159370" /><trkpt lat="38.843850" lon="-92.159440" /><trkpt lat="38.843850" lon="-92.159500" /><trkpt lat="38.843860" lon="-92.159520" /><trkpt lat="38.843860" lon="-92.159540" /><trkpt lat="38.843870" lon="-92.159580" /><trkpt lat="38.843900" lon="-92.159640" /><trkpt lat="38.843950" lon="-92.159720" /><trkpt lat="38.843960" lon="-92.159760" /><trkpt lat="38.843950" lon="-92.159810" /><trkpt lat="38.843920" lon="-92.159850" /><trkpt lat="38.843820" lon="-92.159920" /><trkpt lat="38.843730" lon="-92.160010" /><trkpt lat="38.843660" lon="-92.160050" /><trkpt lat="38.843630" lon="-92.160060" /><trkpt lat="38.843580" lon="-92.160060" /><trkpt lat="38.843570" lon="-92.160050" /><trkpt lat="38.843530" lon="-92.160030" /><trkpt lat="38.843480" lon="-92.159970" /><trkpt lat="38.843430" lon="-92.159930" /><trkpt lat="38.843380" lon="-92.159890" /><trkpt lat="38.843330" lon="-92.159840" /><trkpt lat="38.843280" lon="-92.159780" /><trkpt lat="38.843130" lon="-92.159540" /><trkpt lat="38.843020" lon="-92.159380" /><trkpt lat="38.842940" lon="-92.159250" /><trkpt lat="38.842850" lon="-92.159140" /><trkpt lat="38.842840" lon="-92.159110" /><trkpt lat="38.842830" lon="-92.159080" /><trkpt lat="38.842820" lon="-92.159040" /><trkpt lat="38.842820" lon="-92.159030" /><trkpt lat="38.842810" lon="-92.159010" /><trkpt lat="38.842810" lon="-92.158980" /><trkpt lat="38.842800" lon="-92.158910" /><trkpt lat="38.842800" lon="-92.158750" /><trkpt lat="38.842810" lon="-92.158700" /><trkpt lat="38.842810" lon="-92.158640" /><trkpt lat="38.842810" lon="-92.158520" /><trkpt lat="38.842780" lon="-92.158420" /><trkpt lat="38.842780" lon="-92.158390" /><trkpt lat="38.842770" lon="-92.158330" /><trkpt lat="38.842730" lon="-92.158270" /><trkpt lat="38.842680" lon="-92.158210" /><trkpt lat="38.842650" lon="-92.158190" /><trkpt lat="38.842610" lon="-92.158190" /><trkpt lat="38.842530" lon="-92.158170" /><trkpt lat="38.842480" lon="-92.158160" /><trkpt lat="38.842440" lon="-92.158150" /><trkpt lat="38.842390" lon="-92.158160" /><trkpt lat="38.842330" lon="-92.158170" /><trkpt lat="38.842220" lon="-92.158240" /><trkpt lat="38.842180" lon="-92.158250" /><trkpt lat="38.842130" lon="-92.158250" /><trkpt lat="38.842080" lon="-92.158250" /><trkpt lat="38.842008" lon="-92.158246" /><trkpt lat="38.842145" lon="-92.157930" /><trkpt lat="38.842420" lon="-92.157551" /><trkpt lat="38.842566" lon="-92.157478" /><trkpt lat="38.842599" lon="-92.157288" /><trkpt lat="38.842661" lon="-92.157169" /><trkpt lat="38.842897" lon="-92.157032" /><trkpt lat="38.842986" lon="-92.156949" /><trkpt lat="38.843097" lon="-92.156840" /><trkpt lat="38.843138" lon="-92.156625" /><trkpt lat="38.843171" lon="-92.156505" /><trkpt lat="38.843221" lon="-92.156461" /><trkpt lat="38.843318" lon="-92.156406" /><trkpt lat="38.843426" lon="-92.156379" /><trkpt lat="38.843516" lon="-92.156319" /><trkpt lat="38.843556" lon="-92.156237" /><trkpt lat="38.843388" lon="-92.156198" /><trkpt lat="38.843233" lon="-92.156149" /><trkpt lat="38.843147" lon="-92.156121" /><trkpt lat="38.843060" lon="-92.156103" /><trkpt lat="38.842912" lon="-92.156064" /><trkpt lat="38.842791" lon="-92.156040" /><trkpt lat="38.842747" lon="-92.155989" /><trkpt lat="38.842654" lon="-92.155986" /><trkpt lat="38.842516" lon="-92.155979" /><trkpt lat="38.842338" lon="-92.156040" /><trkpt lat="38.842163" lon="-92.156104" /><trkpt lat="38.841720" lon="-92.156137" /><trkpt lat="38.841545" lon="-92.156183" /><trkpt lat="38.841487" lon="-92.156186" /><trkpt lat="38.841417" lon="-92.156196" /><trkpt lat="38.837888" lon="-92.156254" /><trkpt lat="38.837733" lon="-92.156247" /><trkpt lat="38.837679" lon="-92.156249" /><trkpt lat="38.837641" lon="-92.156277" /><trkpt lat="38.837617" lon="-92.156311" /><trkpt lat="38.837586" lon="-92.156421" /><trkpt lat="38.837566" lon="-92.156631" /><trkpt lat="38.837511" lon="-92.156904" /><trkpt lat="38.837442" lon="-92.157047" /><trkpt lat="38.836366" lon="-92.158672" /><trkpt lat="38.836262" lon="-92.158769" /><trkpt lat="38.836224" lon="-92.158800" /><trkpt lat="38.836196" lon="-92.158805" /><trkpt lat="38.835795" lon="-92.158792" /><trkpt lat="38.834673" lon="-92.158341" /><trkpt lat="38.833983" lon="-92.158064" /><trkpt lat="38.833791" lon="-92.158012" /><trkpt lat="38.832783" lon="-92.158038" /><trkpt lat="38.831924" lon="-92.158073" /><trkpt lat="38.831952" lon="-92.160664" /><trkpt lat="38.831963" lon="-92.161536" /><trkpt lat="38.831698" lon="-92.161603" /><trkpt lat="38.831303" lon="-92.161603" /><trkpt lat="38.830969" lon="-92.161643" /><trkpt lat="38.830808" lon="-92.161710" /><trkpt lat="38.830539" lon="-92.161893" /><trkpt lat="38.830263" lon="-92.162075" /><trkpt lat="38.830181" lon="-92.162097" /><trkpt lat="38.830121" lon="-92.162123" /><trkpt lat="38.830050" lon="-92.162166" /><trkpt lat="38.830018" lon="-92.162273" /><trkpt lat="38.830016" lon="-92.162391" /><trkpt lat="38.829912" lon="-92.162607" /><trkpt lat="38.829779" lon="-92.162800" /><trkpt lat="38.829575" lon="-92.163053" /><trkpt lat="38.829360" lon="-92.163263" /><trkpt lat="38.829225" lon="-92.163307" /><trkpt lat="38.829040" lon="-92.163389" /><trkpt lat="38.828862" lon="-92.163482" /><trkpt lat="38.828694" lon="-92.163562" /><trkpt lat="38.828546" lon="-92.163649" /><trkpt lat="38.828322" lon="-92.163726" /><trkpt lat="38.828086" lon="-92.163760" /><trkpt lat="38.827880" lon="-92.163736" /><trkpt lat="38.827416" lon="-92.163665" /><trkpt lat="38.827054" lon="-92.163627" /><trkpt lat="38.826859" lon="-92.163570" /><trkpt lat="38.826689" lon="-92.163432" /><trkpt lat="38.826508" lon="-92.163371" /><trkpt lat="38.826190" lon="-92.163403" /><trkpt lat="38.825840" lon="-92.163418" /><trkpt lat="38.825473" lon="-92.163462" /><trkpt lat="38.825246" lon="-92.163517" /><trkpt lat="38.824971" lon="-92.163536" /><trkpt lat="38.824761" lon="-92.163602" /><trkpt lat="38.824634" lon="-92.163694" /><trkpt lat="38.824663" lon="-92.165469" /><trkpt lat="38.824638" lon="-92.165622" /><trkpt lat="38.824573" lon="-92.165733" /><trkpt lat="38.824440" lon="-92.165831" /><trkpt lat="38.824221" lon="-92.165895" /><trkpt lat="38.822371" lon="-92.165949" /><trkpt lat="38.818221" lon="-92.166069" /><trkpt lat="38.817359" lon="-92.166078" /><trkpt lat="38.817313" lon="-92.165488" /><trkpt lat="38.817324" lon="-92.160316" /><trkpt lat="38.817308" lon="-92.157250" /><trkpt lat="38.817306" lon="-92.156795" /><trkpt lat="38.817260" lon="-92.154635" /><trkpt lat="38.817234" lon="-92.153596" /><trkpt lat="38.817203" lon="-92.152767" /><trkpt lat="38.817193" lon="-92.152320" /><trkpt lat="38.817256" lon="-92.151668" /><trkpt lat="38.817263" lon="-92.151395" /><trkpt lat="38.817229" lon="-92.150939" /><trkpt lat="38.817178" lon="-92.150182" /><trkpt lat="38.817132" lon="-92.149302" /><trkpt lat="38.817115" lon="-92.148330" /><trkpt lat="38.817148" lon="-92.148184" /><trkpt lat="38.817206" lon="-92.148057" /><trkpt lat="38.817262" lon="-92.147976" /><trkpt lat="38.817398" lon="-92.147874" /><trkpt lat="38.817896" lon="-92.147560" /><trkpt lat="38.818043" lon="-92.147456" /><trkpt lat="38.818092" lon="-92.147330" /><trkpt lat="38.818115" lon="-92.147177" /><trkpt lat="38.818111" lon="-92.146028" /><trkpt lat="38.818104" lon="-92.145727" /><trkpt lat="38.818123" lon="-92.144561" /><trkpt lat="38.818125" lon="-92.144305" /><trkpt lat="38.818105" lon="-92.144202" /><trkpt lat="38.818076" lon="-92.144144" /></trkseg></trk>
<trk><name>Day 3: Rutherford Bridge to Pine Ridge (9.1 mi)</name><trkseg><trkpt lat="38.818076" lon="-92.144144" /><trkpt lat="38.817911" lon="-92.143861" /><trkpt lat="38.817902" lon="-92.143812" /><trkpt lat="38.817918" lon="-92.143708" /><trkpt lat="38.817964" lon="-92.143620" /><trkpt lat="38.818179" lon="-92.143367" /><trkpt lat="38.818279" lon="-92.143230" /><trkpt lat="38.818329" lon="-92.143085" /><trkpt lat="38.818355" lon="-92.142919" /><trkpt lat="38.818350" lon="-92.142669" /><trkpt lat="38.818397" lon="-92.142432" /><trkpt lat="38.818388" lon="-92.142329" /><trkpt lat="38.818388" lon="-92.142214" /><trkpt lat="38.818396" lon="-92.142020" /><trkpt lat="38.818436" lon="-92.141851" /><trkpt lat="38.818483" lon="-92.141767" /><trkpt lat="38.818554" lon="-92.141655" /><trkpt lat="38.818628" lon="-92.141567" /><trkpt lat="38.818826" lon="-92.141401" /><trkpt lat="38.819224" lon="-92.141088" /><trkpt lat="38.819652" lon="-92.140785" /><trkpt lat="38.820090" lon="-92.140468" /><trkpt lat="38.820179" lon="-92.140368" /><trkpt lat="38.820257" lon="-92.140217" /><trkpt lat="38.820299" lon="-92.140052" /><trkpt lat="38.820333" lon="-92.139817" /><trkpt lat="38.820411" lon="-92.139600" /><trkpt lat="38.820552" lon="-92.139298" /><trkpt lat="38.820566" lon="-92.138630" /><trkpt lat="38.820570" lon="-92.138441" /><trkpt lat="38.820580" lon="-92.138163" /><trkpt lat="38.820636" lon="-92.138024" /><trkpt lat="38.820751" lon="-92.137948" /><trkpt lat="38.820948" lon="-92.137923" /><trkpt lat="38.821094" lon="-92.137949" /><trkpt lat="38.821176" lon="-92.137979" /><trkpt lat="38.821279" lon="-92.137946" /><trkpt lat="38.821413" lon="-92.137936" /><trkpt lat="38.821561" lon="-92.137904" /><trkpt lat="38.824090" lon="-92.137820" /><trkpt lat="38.824090" lon="-92.137792" /><trkpt lat="38.824092" lon="-92.137541" /><trkpt lat="38.824101" lon="-92.137191" /><trkpt lat="38.824079" lon="-92.136532" /><trkpt lat="38.824140" lon="-92.136126" /><trkpt lat="38.824134" lon="-92.135669" /><trkpt lat="38.824115" lon="-92.135530" /><trkpt lat="38.824087" lon="-92.135327" /><trkpt lat="38.824091" lon="-92.134842" /><trkpt lat="38.824087" lon="-92.134648" /><trkpt lat="38.824114" lon="-92.134028" /><trkpt lat="38.824101" lon="-92.133838" /><trkpt lat="38.824071" lon="-92.133525" /><trkpt lat="38.824028" lon="-92.133218" /><trkpt lat="38.824035" lon="-92.132715" /><trkpt lat="38.823997" lon="-92.132214" /><trkpt lat="38.824001" lon="-92.131791" /><trkpt lat="38.824001" lon="-92.131159" /><trkpt lat="38.823967" lon="-92.130831" /><trkpt lat="38.823983" lon="-92.130533" /><trkpt lat="38.823947" lon="-92.130113" /><trkpt lat="38.823960" lon="-92.130026" /><trkpt lat="38.824036" lon="-92.129887" /><trkpt lat="38.824148" lon="-92.129841" /><trkpt lat="38.824231" lon="-92.129763" /><trkpt lat="38.824209" lon="-92.129576" /><trkpt lat="38.824074" lon="-92.129069" /><trkpt lat="38.824033" lon="-92.128743" /><trkpt lat="38.823907" lon="-92.128507" /><trkpt lat="38.823720" lon="-92.128410" /><trkpt lat="38.823594" lon="-92.128519" /><trkpt lat="38.823425" lon="-92.128609" /><trkpt lat="38.823244" lon="-92.128540" /><trkpt lat="38.822994" lon="-92.128657" /><trkpt lat="38.822736" lon="-92.128801" /><trkpt lat="38.822381" lon="-92.128837" /><trkpt lat="38.821665" lon="-92.128837" /><trkpt lat="38.820883" lon="-92.128871" /><trkpt lat="38.820680" lon="-92.128939" /><trkpt lat="38.820503" lon="-92.129116" /><trkpt lat="38.820363" lon="-92.129349" /><trkpt lat="38.820254" lon="-92.129470" /><trkpt lat="38.820129" lon="-92.129441" /><trkpt lat="38.820068" lon="-92.129245" /><trkpt lat="38.820067" lon="-92.129042" /><trkpt lat="38.820198" lon="-92.128785" /><trkpt lat="38.820167" lon="-92.128527" /><trkpt lat="38.820280" lon="-92.128354" /><trkpt lat="38.820328" lon="-92.128092" /><trkpt lat="38.820290" lon="-92.127876" /><trkpt lat="38.820141" lon="-92.127667" /><trkpt lat="38.820025" lon="-92.127506" /><trkpt lat="38.819832" lon="-92.127154" /><trkpt lat="38.819473" lon="-92.126714" /><trkpt lat="38.819377" lon="-92.126227" /><trkpt lat="38.819035" lon="-92.125416" /><trkpt lat="38.818944" lon="-92.124947" /><trkpt lat="38.818870" lon="-92.124100" /><trkpt lat="38.818772" lon="-92.123347" /><trkpt lat="38.818667" lon="-92.122248" /><trkpt lat="38.818503" lon="-92.121308" /><trkpt lat="38.818156" lon="-92.120780" /><trkpt lat="38.817879" lon="-92.120538" /><trkpt lat="38.817736" lon="-92.120584" /><trkpt lat="38.817537" lon="-92.120507" /><trkpt lat="38.817296" lon="-92.120247" /><trkpt lat="38.816987" lon="-92.119744" /><trkpt lat="38.816981" lon="-92.119385" /><trkpt lat="38.816908" lon="-92.119095" /><trkpt lat="38.816593" lon="-92.118764" /><trkpt lat="38.816220" lon="-92.118216" /><trkpt lat="38.815947" lon="-92.117751" /><trkpt lat="38.815837" lon="-92.117270" /><trkpt lat="38.815450" lon="-92.116601" /><trkpt lat="38.815313" lon="-92.115894" /><trkpt lat="38.815204" lon="-92.115105" /><trkpt lat="38.814966" lon="-92.114407" /><trkpt lat="38.814893" lon="-92.113773" /><trkpt lat="38.814683" lon="-92.113229" /><trkpt lat="38.814529" lon="-92.112404" /><trkpt lat="38.814272" lon="-92.111895" /><trkpt lat="38.814197" lon="-92.111711" /><trkpt lat="38.814145" lon="-92.111589" /><trkpt lat="38.814123" lon="-92.111532" /><trkpt lat="38.813406" lon="-92.111751" /><trkpt lat="38.812590" lon="-92.112057" /><trkpt lat="38.812504" lon="-92.112099" /><trkpt lat="38.812406" lon="-92.112177" /><trkpt lat="38.812350" lon="-92.112255" /><trkpt lat="38.812312" lon="-92.112416" /><trkpt lat="38.812308" lon="-92.112669" /><trkpt lat="38.812270" lon="-92.112798" /><trkpt lat="38.812188" lon="-92.112860" /><trkpt lat="38.812085" lon="-92.112904" /><trkpt lat="38.811805" lon="-92.112963" /><trkpt lat="38.811593" lon="-92.113030" /><trkpt lat="38.811090" lon="-92.113223" /><trkpt lat="38.811058" lon="-92.113453" /><trkpt lat="38.810977" lon="-92.113600" /><trkpt lat="38.810817" lon="-92.113669" /><trkpt lat="38.810691" lon="-92.113777" /><trkpt lat="38.810523" lon="-92.113822" /><trkpt lat="38.810429" lon="-92.113962" /><trkpt lat="38.810124" lon="-92.114109" /><trkpt lat="38.810037" lon="-92.114217" /><trkpt lat="38.809961" lon="-92.114433" /><trkpt lat="38.809804" lon="-92.114581" /><trkpt lat="38.809727" lon="-92.114776" /><trkpt lat="38.809694" lon="-92.114964" /><trkpt lat="38.809797" lon="-92.115260" /><trkpt lat="38.809779" lon="-92.115531" /><trkpt lat="38.809541" lon="-92.115812" /><trkpt lat="38.809372" lon="-92.116175" /><trkpt lat="38.809120" lon="-92.116398" /><trkpt lat="38.809001" lon="-92.116555" /><trkpt lat="38.809089" lon="-92.117031" /><trkpt lat="38.808997" lon="-92.117540" /><trkpt lat="38.809016" lon="-92.118857" /><trkpt lat="38.809092" lon="-92.120898" /><trkpt lat="38.809212" lon="-92.121329" /><trkpt lat="38.809218" lon="-92.122411" /><trkpt lat="38.809130" lon="-92.122646" /><trkpt lat="38.809155" lon="-92.123346" /><trkpt lat="38.809187" lon="-92.124630" /><trkpt lat="38.809200" lon="-92.125624" /><trkpt lat="38.809192" lon="-92.126175" /><trkpt lat="38.809066" lon="-92.126102" /><trkpt lat="38.808691" lon="-92.125800" /><trkpt lat="38.808630" lon="-92.125670" /><trkpt lat="38.808676" lon="-92.125242" /><trkpt lat="38.808662" lon="-92.124984" /><trkpt lat="38.808566" lon="-92.124781" /><trkpt lat="38.808026" lon="-92.124751" /><trkpt lat="38.807894" lon="-92.124777" /><trkpt lat="38.807039" lon="-92.124760" /><trkpt lat="38.806925" lon="-92.124842" /><trkpt lat="38.806702" lon="-92.124788" /><trkpt lat="38.806361" lon="-92.124843" /><trkpt lat="38.806144" lon="-92.124886" /><trkpt lat="38.805962" lon="-92.124712" /><trkpt lat="38.805708" lon="-92.124622" /><trkpt lat="38.805581" lon="-92.124492" /><trkpt lat="38.805429" lon="-92.124500" /><trkpt lat="38.805068" lon="-92.124273" /><trkpt lat="38.804656" lon="-92.124069" /><trkpt lat="38.804447" lon="-92.124207" /><trkpt lat="38.804225" lon="-92.124199" /><trkpt lat="38.804118" lon="-92.124053" /><trkpt lat="38.803923" lon="-92.124015" /><trkpt lat="38.803783" lon="-92.124099" /><trkpt lat="38.803691" lon="-92.124408" /><trkpt lat="38.803440" lon="-92.124815" /><trkpt lat="38.803245" lon="-92.124946" /><trkpt lat="38.803129" lon="-92.124931" /><trkpt lat="38.803047" lon="-92.124855" /><trkpt lat="38.803072" lon="-92.124573" /><trkpt lat="38.802926" lon="-92.124533" /><trkpt lat="38.802887" lon="-92.124368" /><trkpt lat="38.803071" lon="-92.124005" /><trkpt lat="38.803136" lon="-92.123744" /><trkpt lat="38.803060" lon="-92.123516" /><trkpt lat="38.802971" lon="-92.123150" /><trkpt lat="38.802660" lon="-92.122736" /><trkpt lat="38.802413" lon="-92.122646" /><trkpt lat="38.802122" lon="-92.122370" /><trkpt lat="38.801974" lon="-92.122455" /><trkpt lat="38.801862" lon="-92.122508" /><trkpt lat="38.801687" lon="-92.122822" /><trkpt lat="38.801634" lon="-92.123226" /><trkpt lat="38.801653" lon="-92.123451" /><trkpt lat="38.801570" lon="-92.123533" /><trkpt lat="38.801435" lon="-92.123567" /><trkpt lat="38.801266" lon="-92.123508" /><trkpt lat="38.800950" lon="-92.123354" /><trkpt lat="38.800633" lon="-92.123346" /><trkpt lat="38.800366" lon="-92.123278" /><trkpt lat="38.800263" lon="-92.123196" /><trkpt lat="38.800007" lon="-92.123185" /><trkpt lat="38.799784" lon="-92.123084" /><trkpt lat="38.799528" lon="-92.123063" /><trkpt lat="38.799422" lon="-92.123222" /><trkpt lat="38.799349" lon="-92.123312" /><trkpt lat="38.799186" lon="-92.123344" /><trkpt lat="38.798999" lon="-92.123231" /><trkpt lat="38.798973" lon="-92.122919" /><trkpt lat="38.798844" lon="-92.122232" /><trkpt lat="38.798910" lon="-92.121799" /><trkpt lat="38.799019" lon="-92.121530" /><trkpt lat="38.799114" lon="-92.121236" /><trkpt lat="38.799102" lon="-92.121099" /><trkpt lat="38.799042" lon="-92.121028" /><trkpt lat="38.798930" lon="-92.120985" /><trkpt lat="38.796616" lon="-92.121075" /><trkpt lat="38.795493" lon="-92.121145" /><trkpt lat="38.793330" lon="-92.121290" /><trkpt lat="38.792915" lon="-92.121333" /><trkpt lat="38.792543" lon="-92.121364" /><trkpt lat="38.791169" lon="-92.121426" /><trkpt lat="38.790912" lon="-92.121450" /><trkpt lat="38.790666" lon="-92.121508" /><trkpt lat="38.790432" lon="-92.121577" /><trkpt lat="38.790151" lon="-92.121709" /><trkpt lat="38.789787" lon="-92.121892" /><trkpt lat="38.789258" lon="-92.122147" /><trkpt lat="38.789194" lon="-92.122178" /><trkpt lat="38.788782" lon="-92.122424" /><trkpt lat="38.787982" lon="-92.122884" /><trkpt lat="38.787241" lon="-92.123275" /><trkpt lat="38.787080" lon="-92.123360" /><trkpt lat="38.786857" lon="-92.123477" /><trkpt lat="38.786495" lon="-92.123730" /><trkpt lat="38.786334" lon="-92.123850" /><trkpt lat="38.786338" lon="-92.124009" /><trkpt lat="38.786398" lon="-92.124119" /><trkpt lat="38.786479" lon="-92.124278" /><trkpt lat="38.786505" lon="-92.124398" /><trkpt lat="38.786502" lon="-92.124607" /><trkpt lat="38.786539" lon="-92.124818" /><trkpt lat="38.786547" lon="-92.125044" /><trkpt lat="38.786575" lon="-92.125204" /><trkpt lat="38.786565" lon="-92.125340" /><trkpt lat="38.786535" lon="-92.125560" /><trkpt lat="38.786462" lon="-92.125699" /><trkpt lat="38.786220" lon="-92.125911" /><trkpt lat="38.786110" lon="-92.126056" /><trkpt lat="38.786004" lon="-92.126238" /><trkpt lat="38.785879" lon="-92.126375" /><trkpt lat="38.785658" lon="-92.126481" /><trkpt lat="38.785455" lon="-92.126544" /><trkpt lat="38.785280" lon="-92.126619" /><trkpt lat="38.785141" lon="-92.126742" /><trkpt lat="38.785017" lon="-92.126873" /><trkpt lat="38.784866" lon="-92.126903" /><trkpt lat="38.784637" lon="-92.127045" /><trkpt lat="38.784470" lon="-92.127125" /><trkpt lat="38.784325" lon="-92.127137" /><trkpt lat="38.784167" lon="-92.127210" /><trkpt lat="38.783990" lon="-92.127333" /><trkpt lat="38.783941" lon="-92.127435" /><trkpt lat="38.783901" lon="-92.127575" /><trkpt lat="38.783801" lon="-92.127691" /><trkpt lat="38.783760" lon="-92.127845" /><trkpt lat="38.783757" lon="-92.128016" /><trkpt lat="38.783774" lon="-92.128205" /><trkpt lat="38.783731" lon="-92.128434" /><trkpt lat="38.783735" lon="-92.128537" /><trkpt lat="38.783811" lon="-92.128810" /><trkpt lat="38.783950" lon="-92.129128" /><trkpt lat="38.784076" lon="-92.129313" /><trkpt lat="38.784123" lon="-92.129567" /><trkpt lat="38.784209" lon="-92.129808" /><trkpt lat="38.784289" lon="-92.130007" /><trkpt lat="38.784318" lon="-92.130239" /><trkpt lat="38.784307" lon="-92.130461" /><trkpt lat="38.784268" lon="-92.130776" /><trkpt lat="38.783937" lon="-92.131355" /><trkpt lat="38.783761" lon="-92.131586" /><trkpt lat="38.783717" lon="-92.131903" /><trkpt lat="38.783637" lon="-92.132075" /><trkpt lat="38.783627" lon="-92.132352" /><trkpt lat="38.783744" lon="-92.132537" /><trkpt lat="38.783761" lon="-92.132726" /><trkpt lat="38.783723" lon="-92.132916" /><trkpt lat="38.783648" lon="-92.133115" /><trkpt lat="38.783627" lon="-92.133317" /><trkpt lat="38.783648" lon="-92.133562" /><trkpt lat="38.783669" lon="-92.133747" /><trkpt lat="38.783662" lon="-92.133933" /><trkpt lat="38.783581" lon="-92.134113" /><trkpt lat="38.783549" lon="-92.134247" /><trkpt lat="38.783602" lon="-92.134465" /><trkpt lat="38.783579" lon="-92.134656" /><trkpt lat="38.783597" lon="-92.134820" /><trkpt lat="38.783608" lon="-92.135108" /><trkpt lat="38.783591" lon="-92.135406" /><trkpt lat="38.783556" lon="-92.135640" /><trkpt lat="38.783562" lon="-92.135812" /><trkpt lat="38.783465" lon="-92.136086" /><trkpt lat="38.783313" lon="-92.136285" /><trkpt lat="38.782887" lon="-92.136618" /><trkpt lat="38.782707" lon="-92.136686" /><trkpt lat="38.782466" lon="-92.136718" /><trkpt lat="38.782202" lon="-92.136869" /><trkpt lat="38.782059" lon="-92.136973" /><trkpt lat="38.781812" lon="-92.136963" /><trkpt lat="38.781667" lon="-92.136998" /><trkpt lat="38.781602" lon="-92.137046" /><trkpt lat="38.781542" lon="-92.137129" /><trkpt lat="38.781472" lon="-92.137377" /><trkpt lat="38.781215" lon="-92.137707" /><trkpt lat="38.781085" lon="-92.137960" /><trkpt lat="38.780986" lon="-92.138180" /><trkpt lat="38.780917" lon="-92.138248" /><trkpt lat="38.780827" lon="-92.138317" /><trkpt lat="38.780613" lon="-92.138385" /><trkpt lat="38.780452" lon="-92.138487" /><trkpt lat="38.780337" lon="-92.138616" /><trkpt lat="38.780043" lon="-92.138745" /><trkpt lat="38.779901" lon="-92.138767" /><trkpt lat="38.779697" lon="-92.138859" /><trkpt lat="38.779260" lon="-92.139247" /><trkpt lat="38.779106" lon="-92.139272" /><trkpt lat="38.778822" lon="-92.139515" /><trkpt lat="38.778601" lon="-92.139801" /><trkpt lat="38.778483" lon="-92.140039" /><trkpt lat="38.778345" lon="-92.140118" /><trkpt lat="38.778107" lon="-92.140073" /><trkpt lat="38.777722" lon="-92.139996" /><trkpt lat="38.777368" lon="-92.140073" /><trkpt lat="38.777186" lon="-92.140129" /><trkpt lat="38.776988" lon="-92.140270" /><trkpt lat="38.776733" lon="-92.140646" /><trkpt lat="38.776454" lon="-92.141019" /><trkpt lat="38.776398" lon="-92.141360" /><trkpt lat="38.776206" lon="-92.141711" /><trkpt lat="38.776044" lon="-92.141897" /><trkpt lat="38.776005" lon="-92.142202" /><trkpt lat="38.775885" lon="-92.142441" /><trkpt lat="38.775799" lon="-92.142495" /><trkpt lat="38.775581" lon="-92.142444" /><trkpt lat="38.775468" lon="-92.142698" /><trkpt lat="38.775376" lon="-92.143012" /><trkpt lat="38.774949" lon="-92.143778" /><trkpt lat="38.774781" lon="-92.144101" /><trkpt lat="38.774701" lon="-92.144308" /><trkpt lat="38.774671" lon="-92.144412" /><trkpt lat="38.774537" lon="-92.144666" /><trkpt lat="38.774407" lon="-92.144924" /><trkpt lat="38.774281" lon="-92.145027" /><trkpt lat="38.774188" lon="-92.145040" /><trkpt lat="38.774043" lon="-92.145070" /><trkpt lat="38.773990" lon="-92.145020" /><trkpt lat="38.773994" lon="-92.144916" /><trkpt lat="38.774184" lon="-92.144539" /><trkpt lat="38.774251" lon="-92.144369" /><trkpt lat="38.774257" lon="-92.144311" /><trkpt lat="38.774205" lon="-92.144181" /><trkpt lat="38.774243" lon="-92.143972" /><trkpt lat="38.774228" lon="-92.143905" /><trkpt lat="38.774160" lon="-92.143963" /><trkpt lat="38.774029" lon="-92.144182" /><trkpt lat="38.773759" lon="-92.144644" /><trkpt lat="38.773325" lon="-92.145146" /><trkpt lat="38.773020" lon="-92.145407" /><trkpt lat="38.772585" lon="-92.145582" /><trkpt lat="38.772396" lon="-92.145591" /><trkpt lat="38.772303" lon="-92.145440" /><trkpt lat="38.772267" lon="-92.145271" /><trkpt lat="38.772332" lon="-92.144843" /><trkpt lat="38.772292" lon="-92.144551" /><trkpt lat="38.772137" lon="-92.144168" /><trkpt lat="38.771970" lon="-92.143920" /><trkpt lat="38.771759" lon="-92.143948" /><trkpt lat="38.771413" lon="-92.143953" /><trkpt lat="38.771051" lon="-92.143959" /><trkpt lat="38.770784" lon="-92.143895" /><trkpt lat="38.770563" lon="-92.143877" /><trkpt lat="38.770453" lon="-92.143969" /><trkpt lat="38.770358" lon="-92.144152" /><trkpt lat="38.770343" lon="-92.144432" /><trkpt lat="38.770450" lon="-92.144662" /><trkpt lat="38.770391" lon="-92.144820" /><trkpt lat="38.770247" lon="-92.144944" /><trkpt lat="38.770189" lon="-92.145171" /><trkpt lat="38.770122" lon="-92.145321" /><trkpt lat="38.770022" lon="-92.145361" /><trkpt lat="38.769846" lon="-92.145239" /><trkpt lat="38.769777" lon="-92.145048" /><trkpt lat="38.769777" lon="-92.144864" /><trkpt lat="38.769701" lon="-92.144800" /><trkpt lat="38.769617" lon="-92.144837" /><trkpt lat="38.769520" lon="-92.144994" /><trkpt lat="38.769320" lon="-92.145382" /><trkpt lat="38.769199" lon="-92.145527" /><trkpt lat="38.769052" lon="-92.145535" /><trkpt lat="38.768934" lon="-92.145444" /><trkpt lat="38.768775" lon="-92.145165" /><trkpt lat="38.768545" lon="-92.144565" /><trkpt lat="38.768122" lon="-92.144202" /><trkpt lat="38.767983" lon="-92.143907" /><trkpt lat="38.767878" lon="-92.143715" /><trkpt lat="38.767720" lon="-92.143656" /><trkpt lat="38.767497" lon="-92.143735" /><trkpt lat="38.767373" lon="-92.143955" /><trkpt lat="38.767173" lon="-92.144238" /><trkpt lat="38.767111" lon="-92.144291" /><trkpt lat="38.767039" lon="-92.144275" /><trkpt lat="38.766953" lon="-92.144200" /><trkpt lat="38.766800" lon="-92.144025" /><trkpt lat="38.766705" lon="-92.143913" /><trkpt lat="38.766596" lon="-92.143862" /><trkpt lat="38.766491" lon="-92.143892" /><trkpt lat="38.766325" lon="-92.143955" /><trkpt lat="38.766114" lon="-92.144131" /><trkpt lat="38.765794" lon="-92.144043" /><trkpt lat="38.765634" lon="-92.144082" /><trkpt lat="38.765517" lon="-92.144060" /><trkpt lat="38.765441" lon="-92.143984" /><trkpt lat="38.765328" lon="-92.143928" /><trkpt lat="38.765201" lon="-92.143971" /><trkpt lat="38.765128" lon="-92.144159" /><trkpt lat="38.765088" lon="-92.144184" /><trkpt lat="38.765015" lon="-92.144154" /><trkpt lat="38.764968" lon="-92.144056" /><trkpt lat="38.764872" lon="-92.143966" /><trkpt lat="38.764679" lon="-92.143954" /><trkpt lat="38.764676" lon="-92.143868" /><trkpt lat="38.764629" lon="-92.143710" /><trkpt lat="38.764496" lon="-92.143595" /><trkpt lat="38.764519" lon="-92.143480" /><trkpt lat="38.764539" lon="-92.143318" /><trkpt lat="38.764463" lon="-92.143237" /><trkpt lat="38.764299" lon="-92.143194" /><trkpt lat="38.764150" lon="-92.143267" /><trkpt lat="38.764070" lon="-92.143249" /><trkpt lat="38.763993" lon="-92.143160" /><trkpt lat="38.763894" lon="-92.143147" /><trkpt lat="38.763834" lon="-92.143203" /><trkpt lat="38.763717" lon="-92.143437" /><trkpt lat="38.763624" lon="-92.143484" /><trkpt lat="38.763511" lon="-92.143437" /><trkpt lat="38.763418" lon="-92.143288" /><trkpt lat="38.763334" lon="-92.143151" /><trkpt lat="38.763248" lon="-92.143109" /><trkpt lat="38.763118" lon="-92.143117" /><trkpt lat="38.763022" lon="-92.143087" /><trkpt lat="38.762875" lon="-92.142929" /><trkpt lat="38.762785" lon="-92.142908" /><trkpt lat="38.762726" lon="-92.142951" /><trkpt lat="38.762646" lon="-92.143100" /><trkpt lat="38.762626" lon="-92.143305" /><trkpt lat="38.762549" lon="-92.143420" /><trkpt lat="38.762589" lon="-92.143561" /><trkpt lat="38.762599" lon="-92.143706" /><trkpt lat="38.762539" lon="-92.143890" /><trkpt lat="38.762449" lon="-92.144137" /><trkpt lat="38.762453" lon="-92.144291" /><trkpt lat="38.762479" lon="-92.144444" /><trkpt lat="38.762459" lon="-92.144513" /><trkpt lat="38.762400" lon="-92.144538" /><trkpt lat="38.762333" lon="-92.144526" /><trkpt lat="38.762240" lon="-92.144436" /><trkpt lat="38.762123" lon="-92.144414" /><trkpt lat="38.762033" lon="-92.144419" /><trkpt lat="38.761954" lon="-92.144372" /><trkpt lat="38.761934" lon="-92.144222" /><trkpt lat="38.761964" lon="-92.144150" /><trkpt lat="38.762050" lon="-92.144090" /><trkpt lat="38.762073" lon="-92.143949" /><trkpt lat="38.762023" lon="-92.143860" /><trkpt lat="38.761944" lon="-92.143873" /><trkpt lat="38.761854" lon="-92.143804" /><trkpt lat="38.761817" lon="-92.143685" /><trkpt lat="38.761727" lon="-92.143608" /><trkpt lat="38.761711" lon="-92.143471" /><trkpt lat="38.761747" lon="-92.143318" /><trkpt lat="38.761804" lon="-92.143215" /><trkpt lat="38.761774" lon="-92.143032" /><trkpt lat="38.761827" lon="-92.142887" /><trkpt lat="38.761784" lon="-92.142814" /><trkpt lat="38.761687" lon="-92.142827" /><trkpt lat="38.761594" lon="-92.142925" /><trkpt lat="38.761564" lon="-92.143036" /><trkpt lat="38.761448" lon="-92.143019" /><trkpt lat="38.761395" lon="-92.142972" /><trkpt lat="38.761375" lon="-92.142908" /><trkpt lat="38.761298" lon="-92.142912" /><trkpt lat="38.761225" lon="-92.142946" /><trkpt lat="38.761128" lon="-92.142865" /><trkpt lat="38.761055" lon="-92.142895" /><trkpt lat="38.761026" lon="-92.142990" /><trkpt lat="38.761037" lon="-92.143086" /><trkpt lat="38.761079" lon="-92.143296" /><trkpt lat="38.761062" lon="-92.143533" /><trkpt lat="38.761043" lon="-92.143613" /><trkpt lat="38.760955" lon="-92.143667" /><trkpt lat="38.760892" lon="-92.143678" /><trkpt lat="38.760770" lon="-92.143630" /><trkpt lat="38.760666" lon="-92.143549" /><trkpt lat="38.760584" lon="-92.143283" /><trkpt lat="38.760540" lon="-92.143000" /><trkpt lat="38.760406" lon="-92.142686" /><trkpt lat="38.760269" lon="-92.142492" /><trkpt lat="38.760185" lon="-92.142433" /><trkpt lat="38.760087" lon="-92.142417" /><trkpt lat="38.760016" lon="-92.142484" /><trkpt lat="38.759976" lon="-92.142611" /><trkpt lat="38.759892" lon="-92.142672" /><trkpt lat="38.759754" lon="-92.142664" /><trkpt lat="38.759611" lon="-92.142576" /><trkpt lat="38.759456" lon="-92.142541" /><trkpt lat="38.759358" lon="-92.142543" /><trkpt lat="38.759316" lon="-92.142457" /><trkpt lat="38.759324" lon="-92.142379" /><trkpt lat="38.759358" lon="-92.142318" /><trkpt lat="38.759435" lon="-92.142274" /><trkpt lat="38.759529" lon="-92.142277" /><trkpt lat="38.759582" lon="-92.142266" /><trkpt lat="38.759613" lon="-92.142175" /><trkpt lat="38.759607" lon="-92.142086" /><trkpt lat="38.759552" lon="-92.142027" /><trkpt lat="38.759429" lon="-92.142025" /><trkpt lat="38.759295" lon="-92.142094" /><trkpt lat="38.759142" lon="-92.142119" /><trkpt lat="38.758989" lon="-92.142221" /><trkpt lat="38.758825" lon="-92.142379" /><trkpt lat="38.758772" lon="-92.142490" /></trkseg></trk>
</gpx>